team,signal_date,season,z_oos,z_bucket,regime,rolling_spread,mu,sigma_eq,match_date,home_team,away_team,venue,home_goals,away_goals,result,days_gap,home_odds,draw_odds,away_odds,ah_line,ah_home_odds,ah_away_odds,over_odds,under_odds,margin_1x2,margin_ah,odds_1x2,won_1x2,odds_ou,won_ou,odds_ah,pnl_mult_ah,gross_pnl_1x2,gross_pnl_ou,gross_pnl_ah
Arsenal,2017-09-25 20:00:00,2017,1.732005016722408,Strong Long,Normal,0.6387912,-0.1898,0.4784,2017-10-01,Arsenal,Brighton,home,2,0,H,5,1.2,6.5,13.0,-1.75,1.94,1.93,1.55,2.43,0.0641,0.0336,1.2,True,1.55,False,1.94,1.0,0.19999999999999996,-1.0,0.94
Arsenal,2017-12-02 17:30:00,2017,1.6735647993311036,Strong Long,Normal,0.6108334,-0.1898,0.4784,2017-12-10,Southampton,Arsenal,away,1,1,D,7,4.0,3.75,1.95,0.25,2.19,1.71,1.8,2.02,0.0295,0.0414,1.95,False,1.8,False,1.71,-1.0,-1.0,-1.0,-1.0
Arsenal,2017-12-10 12:00:00,2017,1.785581939799331,Strong Long,Normal,0.6644224,-0.1898,0.4784,2017-12-13,West Ham,Arsenal,away,0,0,D,2,5.25,4.2,1.66,0.75,2.07,1.79,1.66,2.21,0.031,0.0418,1.66,False,1.66,False,1.79,-1.0,-1.0,-1.0,-1.0
Arsenal,2017-12-13 20:00:00,2017,2.1114180602006685,Strong Long,Normal,0.8203023999999999,-0.1898,0.4784,2017-12-16,Arsenal,Newcastle United,home,1,0,H,2,1.25,6.5,14.0,-1.75,1.9,1.96,1.46,2.71,0.0253,0.0365,1.25,True,1.46,False,1.9,-1.0,0.25,-1.0,-1.0
Arsenal,2017-12-16 15:00:00,2017,2.225498327759197,Strong Long,Normal,0.8748783999999998,-0.1898,0.4784,2017-12-22,Arsenal,Liverpool,home,3,3,D,5,2.54,3.6,2.79,-0.25,2.13,1.76,1.5,2.57,0.0299,0.0377,2.54,False,1.5,True,2.13,-1.0,-1.0,0.5,-1.0
Arsenal,2017-12-22 19:45:00,2017,1.6620158862876253,Strong Long,Normal,0.6053084,-0.1898,0.4784,2017-12-28,Crystal Palace,Arsenal,away,2,3,A,5,4.5,4.0,1.8,0.75,1.88,1.99,1.62,2.29,0.0278,0.0344,1.8,True,1.62,True,1.99,1.0,0.8,0.6200000000000001,0.99
Arsenal,2020-11-22 16:30:00,2020,1.9573199285075955,Strong Long,Normal,0.7353963999999998,-0.1407,0.4476,2020-11-29,Arsenal,Wolverhampton Wanderers,home,1,2,A,6,2.05,3.4,3.75,-0.25,1.81,2.05,2.31,1.62,0.0486,0.0403,2.05,False,2.31,True,1.81,-1.0,-1.0,1.31,-1.0
Arsenal,2020-11-29 19:15:00,2020,1.6356836461126,Strong Long,Normal,0.5914319999999998,-0.1407,0.4476,2020-12-06,Tottenham,Arsenal,away,2,0,H,6,1.95,3.6,3.8,-0.5,2.0,1.86,1.92,1.9,0.0538,0.0376,3.8,False,1.92,False,1.86,-1.0,-1.0,-1.0,-1.0
Arsenal,2020-12-06 16:30:00,2020,1.5712403932082213,Strong Long,Normal,0.5625871999999998,-0.1407,0.4476,2020-12-13,Arsenal,Burnley,home,0,1,A,6,1.53,4.2,6.25,-1.0,1.92,1.94,1.9,1.92,0.0517,0.0363,1.53,False,1.9,False,1.92,-1.0,-1.0,-1.0,-1.0
Arsenal,2020-12-13 19:15:00,2020,2.400350312779267,Strong Long,Normal,0.9336968,-0.1407,0.4476,2020-12-16,Arsenal,Southampton,home,1,1,D,2,2.25,3.5,3.1,-0.25,1.94,1.93,1.8,2.03,0.0527,0.0336,2.25,False,1.8,False,1.94,-1.0,-1.0,-1.0,-1.0
Arsenal,2020-12-16 18:00:00,2020,1.6276805183199283,Strong Long,Normal,0.5878497999999999,-0.1407,0.4476,2020-12-19,Everton,Arsenal,away,2,1,H,2,2.45,3.5,2.8,-0.25,2.08,1.8,1.84,1.98,0.051,0.0363,2.8,False,1.84,True,1.8,-1.0,-1.0,0.8400000000000001,-1.0
Arsenal,2021-09-18 14:00:00,2021,1.9076644235082996,Strong Long,Normal,0.7110367999999998,-0.1394,0.4458,2021-09-26,Arsenal,Tottenham,home,3,1,H,7,2.15,3.3,3.5,-0.25,1.95,1.94,2.07,1.79,0.0539,0.0283,2.15,True,2.07,True,1.95,1.0,1.15,1.0699999999999998,0.95
Arsenal,2022-04-09 14:00:00,2021,2.1160408254822785,Strong Long,Normal,0.8039309999999997,-0.1394,0.4458,2022-04-16,Southampton,Arsenal,away,1,0,H,6,3.8,3.6,1.95,0.5,1.92,1.96,1.88,1.95,0.0538,0.031,1.95,False,1.88,False,1.96,-1.0,-1.0,-1.0,-1.0
Arsenal,2022-04-16 14:00:00,2021,2.301491700314042,Strong Long,Normal,0.8866049999999998,-0.1394,0.4458,2022-04-20,Chelsea,Arsenal,away,2,4,A,3,1.83,3.6,4.33,-0.5,1.87,2.02,2.04,1.8,0.0552,0.0298,4.33,True,2.04,True,2.02,1.0,3.33,1.04,1.02
Arsenal,2023-12-17 14:00:00,2023,1.8404664582832404,Strong Long,Normal,0.6410499999999997,-0.1244,0.4159,2023-12-23,Liverpool,Arsenal,away,1,1,D,5,2.38,3.6,2.8,-0.25,2.08,1.79,1.69,2.2,0.0551,0.0394,2.8,False,1.69,False,1.79,1.0,-1.0,-1.0,0.79
Arsenal,2023-12-28 20:15:00,2023,2.0854344794421733,Strong Long,Normal,0.7429321999999998,-0.1244,0.4159,2023-12-31,Fulham,Arsenal,away,2,1,H,2,5.25,4.5,1.55,1.0,1.9,1.97,1.76,2.1,0.0579,0.0339,1.55,False,1.76,True,1.97,-1.0,-1.0,0.76,-1.0
Arsenal,2024-01-20 12:30:00,2023,1.5448958884347197,Strong Long,Normal,0.5181221999999999,-0.1244,0.4159,2024-01-30,Nottingham Forest,Arsenal,away,1,2,A,9,7.5,5.0,1.4,1.25,2.02,1.85,1.65,2.29,0.0476,0.0356,1.4,True,1.65,True,1.85,-1.0,0.3999999999999999,0.6499999999999999,-1.0
Bournemouth,2018-04-28 14:00:00,2017,1.840876739562624,Strong Long,Normal,0.3895766,-0.166,0.3018,2018-05-05,Bournemouth,Swansea,home,1,0,H,6,2.1,3.6,3.7,-0.25,1.81,2.07,1.86,1.96,0.0242,0.0356,2.1,True,1.86,False,1.81,1.0,1.1,-1.0,0.81
Bournemouth,2018-05-05 15:00:00,2017,2.226284294234593,Strong Long,Normal,0.5058926000000001,-0.166,0.3018,2018-05-13,Burnley,Bournemouth,away,1,2,A,7,2.14,3.5,3.6,-0.25,1.9,1.95,1.86,1.95,0.0308,0.0391,3.6,True,1.86,True,1.95,1.0,2.6,0.8600000000000001,0.95
Bournemouth,2018-08-11 17:00:00,2018,1.6402577805721474,Strong Long,Normal,0.3764660000000001,-0.1453,0.3181,2018-08-18,West Ham,Bournemouth,away,1,2,A,6,2.1,3.6,3.7,-0.25,1.79,2.08,1.78,2.04,0.0242,0.0394,3.7,True,1.78,True,2.08,1.0,2.7,0.78,1.08
Bournemouth,2019-05-04 11:30:00,2018,1.5026595410248351,Strong Long,Normal,0.3326960000000001,-0.1453,0.3181,2019-05-12,Crystal Palace,Bournemouth,away,5,3,H,7,1.9,4.2,3.8,-1.0,2.52,1.54,1.54,2.45,0.0276,0.0462,3.8,False,1.54,True,1.54,-1.0,-1.0,0.54,-1.0
Bournemouth,2019-08-10 15:00:00,2019,2.2803887399463814,Strong Long,Normal,0.5849680000000002,-0.0955,0.2984,2019-08-17,Aston Villa,Bournemouth,away,1,2,A,6,2.3,3.4,3.1,-0.25,2.01,1.88,1.81,2.03,0.0515,0.0294,3.1,True,1.81,True,1.88,1.0,2.1,0.81,0.8799999999999999
Bournemouth,2019-11-02 12:30:00,2019,2.630520777479893,Strong Long,Normal,0.6894474,-0.0955,0.2984,2019-11-09,Newcastle United,Bournemouth,away,2,1,H,6,2.55,3.25,2.8,0.0,1.87,2.01,2.07,1.77,0.057,0.0323,2.8,False,2.07,True,2.01,-1.0,-1.0,1.0699999999999998,-1.0
Bournemouth,2019-11-09 15:00:00,2019,3.0338250670241296,Strong Long,Normal,0.8097934000000002,-0.0955,0.2984,2019-11-23,Bournemouth,Wolverhampton Wanderers,home,1,2,A,13,2.75,3.3,2.6,0.0,2.01,1.86,2.02,1.81,0.0513,0.0351,2.75,False,2.02,True,2.01,-1.0,-1.0,1.02,-1.0
Bournemouth,2019-11-23 15:00:00,2019,2.4747245308311,Strong Long,Normal,0.6429578000000001,-0.0955,0.2984,2019-11-30,Tottenham,Bournemouth,away,3,2,H,6,1.36,5.5,7.5,-1.5,2.06,1.81,1.51,2.57,0.0504,0.0379,7.5,False,1.51,True,1.81,0.5,-1.0,0.51,0.405
Bournemouth,2020-01-01 17:30:00,2019,1.7425382037533517,Strong Long,Normal,0.4244734000000001,-0.0955,0.2984,2020-01-12,Bournemouth,Watford,home,0,3,A,10,2.6,3.3,2.7,0.0,1.88,1.98,1.89,1.93,0.058,0.037,2.6,False,1.89,True,1.88,-1.0,-1.0,0.8899999999999999,-1.0
Bournemouth,2020-01-12 14:00:00,2019,1.8180589812332444,Strong Long,Normal,0.4470088000000001,-0.0955,0.2984,2020-01-18,Norwich,Bournemouth,away,1,0,H,5,2.2,3.5,3.25,-0.25,1.93,1.94,1.79,2.04,0.048,0.0336,3.25,False,1.79,False,1.94,-1.0,-1.0,-1.0,-1.0
Bournemouth,2020-01-18 15:00:00,2019,2.099403485254692,Strong Long,Normal,0.530962,-0.0955,0.2984,2020-01-21,Bournemouth,Brighton,home,3,1,H,2,2.87,3.4,2.45,0.0,2.1,1.78,1.98,1.85,0.0507,0.038,2.87,True,1.98,True,2.1,1.0,1.87,0.98,1.1
Bournemouth,2020-02-22 15:00:00,2019,1.6825187667560324,Strong Long,Normal,0.4065636,-0.0955,0.2984,2020-02-29,Bournemouth,Chelsea,home,2,2,D,6,4.75,3.8,1.72,0.75,1.87,1.99,1.8,2.03,0.0551,0.0373,4.75,False,1.8,True,1.87,1.0,-1.0,0.8,0.8700000000000001
Bournemouth,2020-06-20 18:45:00,2019,1.709475201072386,Strong Long,Normal,0.4146074,-0.0955,0.2984,2020-06-24,Wolverhampton Wanderers,Bournemouth,away,1,0,H,3,1.55,4.0,6.0,-1.0,2.06,1.83,2.07,1.77,0.0618,0.0319,6.0,False,2.07,False,1.83,0.0,-1.0,-1.0,0.0
Bournemouth,2020-06-24 17:00:00,2019,1.7028203083109918,Strong Long,Normal,0.41262158,-0.0955,0.2984,2020-07-01,Bournemouth,Newcastle United,home,1,4,A,6,2.4,3.1,3.2,-0.25,2.05,1.83,2.38,1.59,0.0517,0.0343,2.4,False,2.38,True,2.05,-1.0,-1.0,1.38,-1.0
Bournemouth,2023-01-21 15:00:00,2022,2.107575221238938,Strong Long,Normal,0.6185368,-0.0483,0.3164,2023-02-04,Brighton,Bournemouth,away,1,0,H,13,1.33,5.25,8.5,-1.5,2.03,1.86,1.71,2.18,0.06,0.0302,8.5,False,1.71,False,1.86,0.5,-1.0,-1.0,0.43000000000000005
Bournemouth,2023-02-04 15:00:00,2022,2.401651074589128,Strong Long,Normal,0.7115824000000002,-0.0483,0.3164,2023-02-11,Bournemouth,Newcastle United,home,1,1,D,6,6.5,4.0,1.53,1.0,1.88,1.99,2.02,1.83,0.0574,0.0344,6.5,False,2.02,False,1.88,1.0,-1.0,-1.0,0.8799999999999999
Bournemouth,2023-02-11 17:30:00,2022,2.1796289506953226,Strong Long,Normal,0.6413346000000001,-0.0483,0.3164,2023-02-18,Wolverhampton Wanderers,Bournemouth,away,0,1,A,6,1.67,3.6,6.0,-0.75,1.87,2.0,2.08,1.76,0.0432,0.0348,6.0,True,2.08,False,2.0,1.0,5.0,-1.0,1.0
Bournemouth,2023-02-18 15:00:00,2022,1.846960176991151,Strong Long,Normal,0.5360782000000002,-0.0483,0.3164,2023-02-25,Bournemouth,Manchester City,home,1,4,A,6,10.0,5.75,1.29,1.5,2.06,1.82,1.56,2.45,0.0491,0.0349,10.0,False,1.56,True,2.06,-1.0,-1.0,0.56,-1.0
Bournemouth,2023-02-25 17:30:00,2022,1.7306434892541087,Strong Long,Normal,0.4992756000000001,-0.0483,0.3164,2023-03-04,Arsenal,Bournemouth,away,3,2,H,6,1.22,7.0,12.0,-1.75,1.82,2.06,1.58,2.41,0.0459,0.0349,12.0,False,1.58,True,2.06,1.0,-1.0,0.5800000000000001,1.06
Bournemouth,2023-04-04 18:45:00,2022,1.820069532237674,Strong Long,Normal,0.5275700000000001,-0.0483,0.3164,2023-04-08,Leicester,Bournemouth,away,0,1,A,3,1.83,3.75,4.2,-0.5,1.88,1.99,1.85,1.97,0.0512,0.0344,4.2,True,1.85,False,1.99,1.0,3.2,-1.0,0.99
Bournemouth,2023-04-08 14:00:00,2022,2.566776232616941,Strong Long,Normal,0.7638280000000002,-0.0483,0.3164,2023-04-15,Tottenham,Bournemouth,away,2,3,A,6,1.45,4.5,7.0,-1.25,2.03,1.83,1.69,2.2,0.0547,0.0391,7.0,True,1.69,True,1.83,1.0,6.0,0.69,0.8300000000000001
Bournemouth,2023-04-23 13:00:00,2022,1.6687022756005057,Strong Long,Normal,0.4796774000000001,-0.0483,0.3164,2023-04-27,Southampton,Bournemouth,away,0,1,A,3,2.25,3.4,3.2,-0.25,1.98,1.87,2.01,1.82,0.0511,0.0398,3.2,True,2.01,False,1.87,1.0,2.2,-1.0,0.8700000000000001
Bournemouth,2023-08-19 14:00:00,2023,1.5724304960195965,Strong Long,Normal,0.4813558000000002,-0.0322,0.3266,2023-08-26,Bournemouth,Tottenham,home,0,2,A,6,3.8,3.75,1.91,0.5,1.93,1.94,1.55,2.47,0.0534,0.0336,3.8,False,1.55,False,1.93,-1.0,-1.0,-1.0,-1.0
Bournemouth,2023-08-26 11:30:00,2023,1.708107164727496,Strong Long,Normal,0.5256678000000001,-0.0322,0.3266,2023-09-02,Brentford,Bournemouth,away,2,2,D,6,1.73,3.8,4.75,-0.75,1.91,1.95,1.74,2.12,0.0517,0.0364,4.75,False,1.74,True,1.95,1.0,-1.0,0.74,0.95
Bournemouth,2023-09-17 13:00:00,2023,1.822909981628904,Strong Long,Normal,0.5631624000000001,-0.0322,0.3266,2023-09-24,Brighton,Bournemouth,away,3,1,H,6,1.36,5.25,7.5,-1.5,1.98,1.88,1.37,3.11,0.0591,0.037,7.5,False,1.37,True,1.88,-0.5,-1.0,0.3700000000000001,-0.5
Bournemouth,2023-09-24 13:00:00,2023,1.8716484996938152,Strong Long,Normal,0.5790804,-0.0322,0.3266,2023-09-30,Bournemouth,Arsenal,home,0,4,A,5,5.5,4.5,1.53,1.0,2.01,1.85,1.54,2.49,0.0576,0.0381,5.5,False,1.54,True,2.01,-1.0,-1.0,0.54,-1.0
Bournemouth,2023-09-30 14:00:00,2023,2.0294825474586653,Strong Long,Normal,0.6306290000000001,-0.0322,0.3266,2023-10-07,Everton,Bournemouth,away,3,0,H,6,1.91,3.6,3.8,-0.5,1.96,1.9,1.83,2.01,0.0645,0.0365,3.8,False,1.83,True,1.9,-1.0,-1.0,0.8300000000000001,-1.0
Bournemouth,2023-10-07 14:00:00,2023,2.334534598897734,Strong Long,Normal,0.730259,-0.0322,0.3266,2023-10-21,Bournemouth,Wolverhampton Wanderers,home,1,2,A,13,2.38,3.4,3.0,-0.25,2.06,1.8,1.82,2.02,0.0476,0.041,2.38,False,1.82,True,2.06,-1.0,-1.0,0.8200000000000001,-1.0
Bournemouth,2023-10-21 14:00:00,2023,2.278355786895285,Strong Long,Normal,0.7119110000000001,-0.0322,0.3266,2023-10-28,Bournemouth,Burnley,home,2,1,H,6,2.15,3.5,3.3,-0.25,1.84,2.02,1.8,2.05,0.0539,0.0385,2.15,True,1.8,True,1.84,1.0,1.15,0.8,0.8400000000000001
Bournemouth,2024-02-10 15:00:00,2023,2.1484170238824256,Strong Long,Normal,0.6694730000000002,-0.0322,0.3266,2024-02-17,Newcastle United,Bournemouth,away,2,2,D,6,1.83,4.2,3.75,-0.5,1.85,2.02,1.47,2.68,0.0512,0.0356,3.75,False,1.47,True,2.02,0.5,-1.0,0.47,0.51
Bournemouth,2024-02-17 15:00:00,2023,1.841429883649725,Strong Long,Normal,0.5692110000000001,-0.0322,0.3266,2024-02-24,Bournemouth,Manchester City,home,0,1,A,6,7.0,5.25,1.4,1.25,1.97,1.88,1.49,2.64,0.0476,0.0395,7.0,False,1.49,False,1.97,1.0,-1.0,-1.0,0.97
Bournemouth,2024-02-24 17:30:00,2023,1.8973417023882428,Strong Long,Normal,0.5874718000000001,-0.0322,0.3266,2024-03-03,Burnley,Bournemouth,away,0,2,A,7,3.75,3.6,1.95,0.5,1.91,1.95,1.71,2.18,0.0573,0.0364,1.95,True,1.71,False,1.95,1.0,0.95,-1.0,0.95
Bournemouth,2024-03-09 15:00:00,2023,2.533202082057563,Strong Long,Normal,0.7951438000000002,-0.0322,0.3266,2024-03-13,Bournemouth,Luton,home,4,3,H,3,1.5,4.75,5.75,-1.25,2.03,1.83,1.47,2.71,0.0511,0.0391,1.5,True,1.47,True,2.03,-1.0,0.5,0.47,-1.0
Bournemouth,2024-04-24 18:45:00,2023,1.7925339865278629,Strong Long,Normal,0.5532416,-0.0322,0.3266,2024-04-28,Bournemouth,Brighton,home,3,0,H,3,2.25,3.8,2.9,-0.25,1.96,1.89,1.47,2.68,0.0524,0.0393,2.25,True,1.47,True,1.96,1.0,1.25,0.47,0.96
Bournemouth,2024-05-04 11:30:00,2023,1.8073668095529705,Strong Long,Normal,0.5580860000000001,-0.0322,0.3266,2024-05-11,Bournemouth,Brentford,home,1,2,A,6,1.95,4.0,3.5,-0.5,1.98,1.89,1.46,2.71,0.0485,0.0342,1.95,False,1.46,True,1.98,-1.0,-1.0,0.45999999999999996,-1.0
Bournemouth,2024-05-11 14:00:00,2023,1.6158052663808942,Strong Long,Normal,0.4955220000000001,-0.0322,0.3266,2024-05-19,Chelsea,Bournemouth,away,2,1,H,7,1.45,5.0,6.0,-1.25,1.88,1.97,1.27,3.71,0.0563,0.0395,6.0,False,1.27,True,1.97,1.0,-1.0,0.27,0.97
Brentford,2022-10-19 18:30:00,2022,1.866302353410451,Strong Long,Normal,0.615882,0.148,0.2507,2022-10-23,Aston Villa,Brentford,away,4,0,H,3,2.1,3.5,3.5,-0.25,1.83,2.04,1.9,1.92,0.0476,0.0366,3.5,False,1.9,True,2.04,-1.0,-1.0,0.8999999999999999,-1.0
Brentford,2022-10-23 13:00:00,2022,2.236872756282409,Strong Long,Normal,0.708784,0.148,0.2507,2022-10-29,Brentford,Wolverhampton Wanderers,home,1,1,D,5,2.2,3.4,3.3,-0.25,1.88,1.98,1.96,1.86,0.0517,0.037,2.2,False,1.96,False,1.88,-1.0,-1.0,-1.0,-1.0
Brentford,2022-10-29 14:00:00,2022,1.635811727163941,Strong Long,Normal,0.558098,0.148,0.2507,2022-11-05,Nottingham Forest,Brentford,away,2,2,D,6,2.75,3.3,2.6,0.0,1.99,1.87,1.99,1.84,0.0513,0.0373,2.6,False,1.99,True,1.87,0.0,-1.0,0.99,0.0
Brentford,2023-04-26 18:45:00,2022,1.763433585959314,Strong Long,Normal,0.5900928,0.148,0.2507,2023-04-29,Brentford,Nottingham Forest,home,2,1,H,2,1.65,3.8,5.5,-0.75,1.83,2.03,1.95,1.87,0.051,0.0391,1.65,True,1.95,True,1.83,1.0,0.6499999999999999,0.95,0.8300000000000001
Brentford,2023-10-01 13:00:00,2023,1.5613951685058154,Strong Long,Normal,0.5972357999999999,0.0737,0.3353,2023-10-07,Manchester United,Brentford,away,2,1,H,5,1.67,4.2,4.75,-0.75,1.85,2.0,1.64,2.23,0.0474,0.0405,4.75,False,1.64,True,2.0,-1.0,-1.0,0.6399999999999999,-1.0
Brentford,2023-10-07 14:00:00,2023,1.607371309275276,Strong Long,Normal,0.6126516,0.0737,0.3353,2023-10-21,Brentford,Burnley,home,3,0,H,13,1.83,3.75,4.2,-0.5,1.84,2.04,1.92,1.92,0.0512,0.0337,1.83,True,1.92,True,1.84,1.0,0.8300000000000001,0.9199999999999999,0.8400000000000001
Brentford,2023-12-09 15:00:00,2023,2.307436922159261,Strong Long,Normal,0.8473836,0.0737,0.3353,2023-12-17,Brentford,Aston Villa,home,1,2,A,7,3.2,3.75,2.1,0.25,1.97,1.87,1.69,2.18,0.0554,0.0424,3.2,False,1.69,True,1.97,-1.0,-1.0,0.69,-1.0
Brentford,2024-04-03 18:30:00,2023,1.5969806143751863,Strong Long,Normal,0.6091675999999999,0.0737,0.3353,2024-04-06,Aston Villa,Brentford,away,3,3,D,2,1.7,4.0,4.75,-0.75,1.87,1.99,1.52,2.56,0.0488,0.0373,4.75,False,1.52,True,1.99,1.0,-1.0,0.52,0.99
Brighton,2019-03-02 15:00:00,2018,1.6754034090909091,Strong Long,Normal,0.624942,0.0352,0.352,2019-03-09,Crystal Palace,Brighton,away,1,2,A,6,1.83,3.6,5.0,-0.75,2.12,1.77,2.17,1.7,0.0242,0.0367,5.0,True,2.17,True,1.77,1.0,4.0,1.17,0.77
Brighton,2019-09-21 16:30:00,2019,3.316599797365755,Strong Long,Normal,1.0329452,0.0509,0.2961,2019-09-28,Chelsea,Brighton,away,2,0,H,6,1.4,4.75,8.0,-1.25,1.99,1.9,1.65,2.27,0.0498,0.0288,8.0,False,1.65,False,1.9,-1.0,-1.0,-1.0,-1.0
Brighton,2019-09-28 14:00:00,2019,2.7841127997298214,Strong Long,Normal,0.8752758,0.0509,0.2961,2019-10-05,Brighton,Tottenham,home,3,0,H,6,3.9,3.6,1.9,0.5,1.93,1.96,1.76,2.09,0.0605,0.0283,3.9,True,1.76,True,1.93,1.0,2.9,0.76,0.9299999999999999
Brighton,2019-10-05 12:30:00,2019,1.8401472475515024,Strong Long,Normal,0.5957676,0.0509,0.2961,2019-10-19,Aston Villa,Brighton,away,2,1,H,13,2.35,3.4,3.0,-0.25,2.04,1.85,1.82,2.01,0.053,0.0307,3.0,False,1.82,True,1.85,-1.0,-1.0,0.8200000000000001,-1.0
Brighton,2020-07-11 19:00:00,2019,1.7393677811550154,Strong Long,Normal,0.5659268,0.0509,0.2961,2020-07-16,Southampton,Brighton,away,1,1,D,4,2.15,3.3,3.5,-0.25,1.87,2.0,2.13,1.73,0.0539,0.0348,3.5,False,2.13,False,2.0,1.0,-1.0,-1.0,1.0
Brighton,2020-12-13 19:15:00,2020,2.4931597673622985,Strong Long,Normal,0.8446505999999999,0.1159,0.2923,2020-12-16,Fulham,Brighton,away,0,0,D,2,2.87,3.3,2.5,0.0,2.07,1.79,2.05,1.77,0.0515,0.0418,2.5,False,2.05,False,1.79,0.0,-1.0,-1.0,0.0
Brighton,2020-12-16 20:00:00,2020,1.7215114608279165,Strong Long,Normal,0.6190977999999999,0.1159,0.2923,2020-12-20,Brighton,Sheffield United,home,1,1,D,3,1.65,3.75,5.5,-0.75,1.9,1.96,2.22,1.67,0.0545,0.0365,1.65,False,2.22,False,1.9,-1.0,-1.0,-1.0,-1.0
Brighton,2020-12-20 12:00:00,2020,3.3640636332535068,Strong Long,Normal,1.0992158,0.1159,0.2923,2020-12-27,West Ham,Brighton,away,2,2,D,6,2.3,3.4,3.1,-0.25,2.04,1.84,1.94,1.88,0.0515,0.0337,3.1,False,1.94,True,1.84,1.0,-1.0,0.94,0.8400000000000001
Brighton,2020-12-27 14:15:00,2020,2.131282244269586,Strong Long,Normal,0.7388738,0.1159,0.2923,2020-12-29,Brighton,Arsenal,home,0,1,A,1,3.25,3.5,2.2,0.25,1.9,1.97,2.04,1.79,0.048,0.0339,3.25,False,2.04,False,1.9,-1.0,-1.0,-1.0,-1.0
Brighton,2020-12-29 18:00:00,2020,1.97090455011974,Strong Long,Normal,0.6919953999999999,0.1159,0.2923,2021-01-02,Brighton,Wolverhampton Wanderers,home,3,3,D,3,2.62,3.25,2.75,0.0,1.86,2.0,2.43,1.56,0.053,0.0376,2.62,False,2.43,True,1.86,0.0,-1.0,1.4300000000000002,0.0
Brighton,2021-01-27 19:30:00,2020,1.5431282928498118,Strong Long,Normal,0.5669564,0.1159,0.2923,2021-01-31,Brighton,Tottenham,home,1,0,H,3,3.2,3.4,2.25,0.25,1.85,2.03,2.04,1.8,0.0511,0.0332,3.2,True,2.04,False,1.85,1.0,2.2,-1.0,0.8500000000000001
Brighton,2021-01-31 19:15:00,2020,1.5256749914471437,Strong Long,Normal,0.5618548000000001,0.1159,0.2923,2021-02-03,Liverpool,Brighton,away,0,1,A,2,1.33,5.25,9.0,-1.5,2.05,1.81,1.63,2.3,0.0535,0.0403,9.0,True,1.63,False,1.81,1.0,8.0,-1.0,0.81
Brighton,2021-02-03 20:15:00,2020,2.0504577488881286,Strong Long,Normal,0.7152488,0.1159,0.2923,2021-02-06,Burnley,Brighton,away,1,1,D,2,3.6,3.1,2.2,0.25,1.98,1.89,2.43,1.57,0.0549,0.0342,2.2,False,2.43,False,1.89,-1.0,-1.0,-1.0,-1.0
Brighton,2021-02-06 15:00:00,2020,1.6642777967841256,Strong Long,Normal,0.6023683999999999,0.1159,0.2923,2021-02-13,Brighton,Aston Villa,home,0,0,D,6,2.7,3.5,2.5,0.0,2.0,1.86,1.78,2.06,0.0561,0.0376,2.7,False,1.78,False,2.0,0.0,-1.0,-1.0,0.0
Brighton,2021-02-13 20:00:00,2020,3.1614245638043106,Strong Long,Normal,1.0399844,0.1159,0.2923,2021-02-22,Brighton,Crystal Palace,home,1,2,A,8,1.7,3.5,5.5,-0.75,1.99,1.89,2.21,1.67,0.0558,0.0316,1.7,False,2.21,True,1.99,-1.0,-1.0,1.21,-1.0
Brighton,2021-02-22 20:00:00,2020,2.6829777625727,Strong Long,Normal,0.9001344,0.1159,0.2923,2021-02-27,West Bromwich Albion,Brighton,away,1,0,H,4,4.2,3.3,1.95,0.5,1.91,1.96,2.14,1.72,0.0539,0.0338,1.95,False,2.14,False,1.96,-1.0,-1.0,-1.0,-1.0
Brighton,2021-02-27 15:00:00,2020,4.289033185083818,Strong Long,Normal,1.3695844,0.1159,0.2923,2021-03-06,Brighton,Leicester,home,1,2,A,6,2.55,3.25,2.8,0.0,1.8,2.07,2.2,1.68,0.057,0.0386,2.55,False,2.2,True,1.8,-1.0,-1.0,1.2000000000000002,-1.0
Brighton,2021-03-06 20:00:00,2020,3.991352719808416,Strong Long,Normal,1.2825723999999998,0.1159,0.2923,2021-03-14,Southampton,Brighton,away,1,2,A,7,2.9,3.1,2.5,0.0,2.07,1.81,2.34,1.61,0.0674,0.0356,2.5,True,2.34,True,1.81,1.0,1.5,1.3399999999999999,0.81
Brighton,2021-03-14 12:00:00,2020,3.500955867259665,Strong Long,Normal,1.1392294,0.1159,0.2923,2021-03-20,Brighton,Newcastle United,home,3,0,H,5,1.66,3.5,6.0,-0.75,1.89,2.01,2.26,1.65,0.0548,0.0266,1.66,True,2.26,True,1.89,1.0,0.6599999999999999,1.2599999999999998,0.8899999999999999
Brighton,2021-05-01 14:00:00,2020,2.7651235032500856,Strong Long,Normal,0.9241456,0.1159,0.2923,2021-05-09,Wolverhampton Wanderers,Brighton,away,2,1,H,7,3.3,3.3,2.2,0.25,1.94,1.94,2.34,1.61,0.0606,0.0309,2.2,False,2.34,True,1.94,-1.0,-1.0,1.3399999999999999,-1.0
Brighton,2021-05-09 11:00:00,2020,1.9885241190557643,Strong Long,Normal,0.6971455999999999,0.1159,0.2923,2021-05-15,Brighton,West Ham,home,1,1,D,5,2.9,3.6,2.3,0.25,1.82,2.06,2.02,1.81,0.0574,0.0349,2.9,False,2.02,False,1.82,1.0,-1.0,-1.0,0.8200000000000001
Brighton,2021-12-04 15:00:00,2021,1.5479224635688753,Strong Long,Normal,0.7333794,0.1704,0.3637,2021-12-15,Brighton,Wolverhampton Wanderers,home,0,1,A,10,2.25,3.1,3.5,-0.25,1.99,1.89,2.52,1.54,0.0527,0.0316,2.25,False,2.52,False,1.99,-1.0,-1.0,-1.0,-1.0
Brighton,2021-12-15 19:30:00,2021,1.971320868847952,Strong Long,Normal,0.8873694000000001,0.1704,0.3637,2021-12-26,Brighton,Brentford,home,2,0,H,10,1.9,3.4,4.2,-0.5,1.95,1.93,2.19,1.69,0.0585,0.031,1.9,True,2.19,False,1.95,1.0,0.8999999999999999,-1.0,0.95
Brighton,2022-03-12 12:30:00,2021,1.5188523508386031,Strong Long,Normal,0.7228066,0.1704,0.3637,2022-03-16,Brighton,Tottenham,home,0,2,A,3,3.3,3.3,2.25,0.25,1.9,1.97,2.09,1.76,0.0505,0.0339,3.3,False,2.09,False,1.9,-1.0,-1.0,-1.0,-1.0
Brighton,2022-04-02 14:00:00,2021,2.4630481165795977,Strong Long,Normal,1.0662105999999998,0.1704,0.3637,2022-04-09,Arsenal,Brighton,away,1,2,A,6,1.61,3.8,5.75,-0.75,1.84,2.04,2.01,1.81,0.0582,0.0337,5.75,True,2.01,True,2.04,1.0,4.75,1.0099999999999998,1.04
Brighton,2022-10-22 14:00:00,2022,1.7229365509761383,Strong Long,Normal,0.8105189999999999,0.1751,0.3688,2022-10-29,Brighton,Chelsea,home,4,1,H,6,3.0,3.3,2.4,0.25,1.82,2.05,2.04,1.78,0.053,0.0373,3.0,True,2.04,True,1.82,1.0,2.0,1.04,0.8200000000000001
Brighton,2023-02-18 15:00:00,2022,2.3809924078091105,Strong Long,Normal,1.05321,0.1751,0.3688,2023-03-04,Brighton,West Ham,home,4,0,H,13,1.8,3.6,4.5,-0.75,2.0,1.88,1.93,1.9,0.0556,0.0319,1.8,True,1.93,True,2.0,1.0,0.8,0.9299999999999999,1.0
Brighton,2023-03-04 15:00:00,2022,2.434848156182212,Strong Long,Normal,1.0730719999999998,0.1751,0.3688,2023-03-11,Leeds,Brighton,away,2,2,D,6,3.75,3.6,1.95,0.5,1.9,1.98,1.85,1.98,0.0573,0.0314,1.95,False,1.85,True,1.98,-0.5,-1.0,0.8500000000000001,-0.5
Brighton,2023-03-11 15:00:00,2022,2.201100867678958,Strong Long,Normal,0.9868659999999998,0.1751,0.3688,2023-03-15,Brighton,Crystal Palace,home,1,0,H,3,1.44,4.2,8.0,-1.25,2.04,1.84,1.89,1.92,0.0575,0.0337,1.44,True,1.89,False,2.04,-1.0,0.43999999999999995,-1.0,-1.0
Brighton,2023-04-26 18:30:00,2022,1.5754446854663766,Strong Long,Normal,0.7561239999999998,0.1751,0.3688,2023-04-29,Brighton,Wolverhampton Wanderers,home,6,0,H,2,1.5,4.33,6.5,-1.0,1.83,2.03,1.8,2.02,0.0515,0.0391,1.5,True,1.8,True,1.83,1.0,0.5,0.8,0.8300000000000001
Brighton,2024-01-22 19:45:00,2023,1.7579805825242716,Strong Long,Normal,0.8743808,0.1682,0.4017,2024-01-30,Luton,Brighton,away,4,0,H,7,4.2,4.2,1.75,0.75,1.88,1.96,1.65,2.28,0.0476,0.0421,1.75,False,1.65,True,1.96,-1.0,-1.0,0.6499999999999999,-1.0
Brighton,2024-01-30 19:45:00,2023,1.932541697784416,Strong Long,Normal,0.944502,0.1682,0.4017,2024-02-03,Brighton,Crystal Palace,home,4,1,H,3,1.7,4.0,4.75,-0.75,1.89,1.96,1.73,2.14,0.0488,0.0393,1.7,True,1.73,True,1.89,1.0,0.7,0.73,0.8899999999999999
Brighton,2024-05-05 13:00:00,2023,1.5142942494398803,Strong Long,Normal,0.776492,0.1682,0.4017,2024-05-11,Newcastle United,Brighton,away,1,1,D,5,1.57,4.75,4.75,-1.0,1.92,1.94,1.33,3.32,0.058,0.0363,4.75,False,1.33,False,1.94,1.0,-1.0,-1.0,0.94
Brighton,2024-05-11 14:00:00,2023,1.7567866567089867,Strong Long,Normal,0.8739011999999999,0.1682,0.4017,2024-05-15,Brighton,Chelsea,home,1,2,A,3,3.3,4.0,1.95,0.5,1.86,2.01,1.4,2.98,0.0659,0.0351,3.3,False,1.4,True,1.86,-0.5,-1.0,0.3999999999999999,-0.5
Brighton,2024-05-15 18:45:00,2023,1.973259148618372,Strong Long,Normal,0.9608582,0.1682,0.4017,2024-05-19,Brighton,Manchester United,home,0,2,A,3,2.15,4.0,2.9,-0.25,1.91,1.94,1.32,3.38,0.0599,0.039,2.15,False,1.32,False,1.91,-1.0,-1.0,-1.0,-1.0
Burnley,2018-01-01 15:00:00,2017,1.8244807411019013,Strong Long,Normal,0.276201,-0.098,0.2051,2018-01-13,Crystal Palace,Burnley,away,1,0,H,11,2.0,3.29,4.5,-0.25,1.71,2.21,2.38,1.59,0.0262,0.0373,4.5,False,2.38,False,2.21,-1.0,-1.0,-1.0,-1.0
Burnley,2018-01-20 15:00:00,2017,1.8156743052169677,Strong Long,Normal,0.2743948,-0.098,0.2051,2018-01-31,Newcastle United,Burnley,away,1,1,D,10,2.2,3.2,3.89,-0.25,1.82,2.05,2.58,1.5,0.0241,0.0373,3.89,False,2.58,False,2.05,1.0,-1.0,-1.0,1.0499999999999998
Burnley,2018-01-31 19:45:00,2017,3.221882008776207,Strong Long,Normal,0.5628080000000001,-0.098,0.2051,2018-02-03,Burnley,Manchester City,home,1,1,D,2,13.0,6.0,1.28,1.75,1.81,2.05,1.68,2.2,0.0248,0.0403,13.0,False,1.68,False,1.81,1.0,-1.0,-1.0,0.81
Burnley,2018-02-03 12:30:00,2017,1.8437649926864943,Strong Long,Normal,0.2801562,-0.098,0.2051,2018-02-10,Swansea,Burnley,away,1,0,H,6,2.37,3.0,3.25,-0.25,2.05,1.82,2.76,1.44,0.063,0.0373,3.25,False,2.76,False,1.82,-1.0,-1.0,-1.0,-1.0
Burnley,2018-02-10 15:00:00,2017,2.3608425158459285,Strong Long,Normal,0.3862088,-0.098,0.2051,2018-02-24,Burnley,Southampton,home,1,1,D,13,2.89,3.1,2.79,0.25,1.66,2.29,2.55,1.51,0.027,0.0391,2.89,False,2.55,False,1.66,1.0,-1.0,-1.0,0.6599999999999999
Burnley,2018-02-24 15:00:00,2017,1.7503412969283274,Strong Long,Normal,0.260995,-0.098,0.2051,2018-03-03,Burnley,Everton,home,2,1,H,6,2.5,3.1,3.29,-0.25,2.06,1.82,2.6,1.5,0.0265,0.0349,2.5,True,2.6,True,2.06,1.0,1.5,1.6,1.06
Burnley,2018-03-03 12:30:00,2017,1.523159434422233,Strong Long,Normal,0.2144,-0.098,0.2051,2018-03-10,West Ham,Burnley,away,0,3,A,6,2.29,3.2,3.6,-0.25,1.92,1.94,2.46,1.55,0.027,0.0363,3.6,True,2.46,True,1.94,1.0,2.6,1.46,0.94
Burnley,2018-08-12 15:30:00,2018,3.4010193050193047,Strong Long,Normal,0.789164,-0.0917,0.259,2018-08-19,Burnley,Watford,home,1,3,A,6,2.45,3.1,3.4,-0.25,2.02,1.86,2.59,1.49,0.0249,0.0327,2.45,False,2.59,True,2.02,-1.0,-1.0,1.5899999999999999,-1.0
Burnley,2018-08-19 15:30:00,2018,2.4585884169884173,Strong Long,Normal,0.5450744000000001,-0.0917,0.259,2018-08-26,Fulham,Burnley,away,4,2,H,6,2.0,3.4,4.33,-0.25,1.69,2.22,2.22,1.65,0.0251,0.0422,4.33,False,2.22,True,2.22,-1.0,-1.0,1.2200000000000002,-1.0
Burnley,2018-09-02 15:00:00,2018,1.6133220077220076,Strong Long,Normal,0.3261504,-0.0917,0.259,2018-09-16,Wolverhampton Wanderers,Burnley,away,1,0,H,13,1.75,3.6,5.75,-1.0,2.4,1.59,2.28,1.63,0.0231,0.0456,5.75,False,2.28,False,1.59,0.0,-1.0,-1.0,0.0
Burnley,2018-09-16 12:30:00,2018,1.6497729729729729,Strong Long,Normal,0.3355912,-0.0917,0.259,2018-09-22,Burnley,Bournemouth,home,4,0,H,5,3.0,3.4,2.5,0.25,1.73,2.17,2.02,1.8,0.0275,0.0389,3.0,True,2.02,True,1.73,1.0,2.0,1.02,0.73
Burnley,2018-12-08 15:00:00,2018,1.9265173745173745,Strong Long,Normal,0.407268,-0.0917,0.259,2018-12-15,Tottenham,Burnley,away,1,0,H,6,1.18,8.0,19.0,-2.0,1.85,2.0,1.43,2.77,0.0251,0.0405,19.0,False,1.43,False,2.0,1.0,-1.0,-1.0,1.0
Burnley,2018-12-15 15:00:00,2018,1.990457915057915,Strong Long,Normal,0.4238286,-0.0917,0.259,2018-12-22,Arsenal,Burnley,away,3,1,H,6,1.25,6.5,15.0,-1.5,1.68,2.24,1.46,2.67,0.0205,0.0417,15.0,False,1.46,True,2.24,-0.5,-1.0,0.45999999999999996,-0.5
Burnley,2018-12-22 12:30:00,2018,1.6333150579150577,Strong Long,Normal,0.3313286,-0.0917,0.259,2018-12-26,Burnley,Everton,home,1,5,A,3,4.33,3.5,1.95,0.75,1.72,2.2,2.03,1.8,0.0295,0.0359,4.33,False,2.03,True,1.72,-1.0,-1.0,1.0299999999999998,-1.0
Burnley,2018-12-26 15:00:00,2018,2.084267181467181,Strong Long,Normal,0.4481251999999999,-0.0917,0.259,2018-12-30,Burnley,West Ham,home,2,0,H,3,3.3,3.2,2.25,0.25,1.92,1.95,1.91,1.9,0.06,0.0337,3.3,True,1.91,False,1.92,1.0,2.3,-1.0,0.9199999999999999
Burnley,2018-12-30 14:15:00,2018,2.73349498069498,Strong Long,Normal,0.6162751999999999,-0.0917,0.259,2019-01-02,Huddersfield,Burnley,away,1,2,A,2,2.14,3.1,4.2,-0.25,1.82,2.07,2.45,1.55,0.028,0.0325,4.2,True,2.45,True,2.07,1.0,3.2,1.4500000000000002,1.0699999999999998
Burnley,2019-01-02 19:45:00,2018,2.618112741312741,Strong Long,Normal,0.5863911999999999,-0.0917,0.259,2019-01-12,Burnley,Fulham,home,2,1,H,9,2.4,3.3,3.25,-0.25,2.02,1.87,2.08,1.76,0.0274,0.0298,2.4,True,2.08,True,2.02,1.0,1.4,1.08,1.02
Burnley,2019-01-19 15:00:00,2018,2.8488424710424707,Strong Long,Normal,0.6461501999999999,-0.0917,0.259,2019-01-29,Manchester United,Burnley,away,2,2,D,9,1.28,6.0,12.0,-1.5,1.82,2.06,1.55,2.45,0.0312,0.0349,12.0,False,1.55,True,2.06,1.0,-1.0,0.55,1.06
Burnley,2019-12-14 15:00:00,2019,1.7327768899815608,Strong Long,Normal,0.5045455999999999,-0.0593,0.3254,2019-12-21,Bournemouth,Burnley,away,0,1,A,6,2.4,3.4,2.9,-0.25,2.09,1.8,1.92,1.9,0.0556,0.034,2.9,True,1.92,False,1.8,1.0,1.9,-1.0,0.8
Burnley,2020-01-11 15:00:00,2019,1.5084935464044251,Strong Long,Normal,0.4315638,-0.0593,0.3254,2020-01-19,Burnley,Leicester,home,2,1,H,7,4.33,3.75,1.83,0.5,2.0,1.87,1.85,1.96,0.0441,0.0348,4.33,True,1.85,True,2.0,1.0,3.33,0.8500000000000001,1.0
Burnley,2020-01-19 14:00:00,2019,1.7325513214505228,Strong Long,Normal,0.5044722000000001,-0.0593,0.3254,2020-01-22,Manchester United,Burnley,away,0,2,A,2,1.36,4.75,9.0,-1.25,1.95,1.92,1.81,2.02,0.0569,0.0337,9.0,True,1.81,False,1.92,1.0,8.0,-1.0,0.9199999999999999
Burnley,2020-02-02 14:00:00,2019,1.7393060848186848,Strong Long,Normal,0.5066702000000001,-0.0593,0.3254,2020-02-15,Southampton,Burnley,away,1,2,A,12,1.75,3.8,4.75,-0.75,2.03,1.85,1.96,1.86,0.0451,0.0332,4.75,True,1.96,True,1.85,1.0,3.75,0.96,0.8500000000000001
Burnley,2020-06-25 17:00:00,2019,2.0538394591272278,Strong Long,Normal,0.6090193599999998,-0.0593,0.3254,2020-06-29,Crystal Palace,Burnley,away,0,1,A,3,2.25,3.2,3.4,-0.25,1.95,1.92,2.42,1.57,0.0511,0.0337,3.4,True,2.42,False,1.92,1.0,2.4,-1.0,0.9199999999999999
Burnley,2020-06-29 19:00:00,2019,1.5993563614013515,Strong Long,Normal,0.4611305599999999,-0.0593,0.3254,2020-07-05,Burnley,Sheffield United,home,1,1,D,5,2.9,3.0,2.7,0.0,1.99,1.89,2.65,1.49,0.0485,0.0316,2.9,False,2.65,False,1.99,0.0,-1.0,-1.0,0.0
Burnley,2020-11-23 17:30:00,2020,2.20741893158388,Strong Long,Normal,0.7046948,-0.0019,0.3201,2020-11-28,Manchester City,Burnley,away,5,0,H,4,1.16,7.5,16.0,-2.25,2.04,1.82,1.45,2.74,0.0579,0.0396,16.0,False,1.45,True,1.82,-1.0,-1.0,0.44999999999999996,-1.0
Burnley,2020-11-28 15:00:00,2020,1.7916469853170884,Strong Long,Normal,0.5716062,-0.0019,0.3201,2020-12-05,Burnley,Everton,home,1,1,D,6,4.0,3.5,1.9,0.5,1.91,1.95,2.01,1.81,0.062,0.0364,4.0,False,2.01,False,1.91,0.5,-1.0,-1.0,0.45499999999999996
Burnley,2021-01-21 20:00:00,2020,1.658282411746329,Strong Long,Normal,0.5289162,-0.0019,0.3201,2021-01-27,Burnley,Aston Villa,home,3,2,H,5,3.8,3.5,1.95,0.5,1.87,2.0,1.9,1.92,0.0617,0.0348,3.8,True,1.9,True,1.87,1.0,2.8,0.8999999999999999,0.8700000000000001
Burnley,2021-08-14 14:00:00,2021,1.9861620591039084,Strong Long,Normal,0.6525451999999999,0.0275,0.3147,2021-08-21,Liverpool,Burnley,away,2,0,H,6,1.18,7.5,13.0,-2.0,2.07,1.81,1.54,2.5,0.0577,0.0356,13.0,False,1.54,False,1.81,0.0,-1.0,-1.0,0.0
Burnley,2021-08-21 11:30:00,2021,2.6421226564982523,Strong Long,Normal,0.858976,0.0275,0.3147,2021-08-29,Burnley,Leeds,home,1,1,D,7,3.1,3.5,2.25,0.25,1.87,2.01,1.77,2.09,0.0527,0.0323,3.1,False,1.77,False,1.87,1.0,-1.0,-1.0,0.8700000000000001
Burnley,2021-08-29 13:00:00,2021,2.1957546870034954,Strong Long,Normal,0.7185039999999999,0.0275,0.3147,2021-09-13,Everton,Burnley,away,3,1,H,14,1.7,3.75,5.0,-0.75,1.97,1.91,1.99,1.85,0.0549,0.0312,5.0,False,1.99,True,1.91,-1.0,-1.0,0.99,-1.0
Burnley,2021-09-13 19:00:00,2021,2.185307912297426,Strong Long,Normal,0.7152163999999999,0.0275,0.3147,2021-09-18,Burnley,Arsenal,home,0,1,A,4,3.8,3.6,1.95,0.5,1.86,2.03,2.03,1.82,0.0538,0.0302,3.8,False,2.03,False,1.86,-0.5,-1.0,-1.0,-0.5
Burnley,2021-09-18 14:00:00,2021,2.3232589768033045,Strong Long,Normal,0.7586295999999999,0.0275,0.3147,2021-09-25,Leicester,Burnley,away,2,2,D,6,1.57,4.0,6.0,-1.0,2.04,1.85,1.86,1.98,0.0536,0.0307,6.0,False,1.86,True,1.85,1.0,-1.0,0.8600000000000001,0.8500000000000001
Chelsea,2017-12-23 12:30:00,2017,1.620099029510794,Strong Long,Normal,0.455488,-0.3625,0.5049,2017-12-26,Chelsea,Brighton,home,2,0,H,2,1.19,7.5,17.0,-2.0,2.08,1.81,1.66,2.22,0.0325,0.0333,1.19,True,1.66,False,2.08,0.0,0.18999999999999995,-1.0,0.0
Chelsea,2017-12-26 15:00:00,2017,1.6563042186571597,Strong Long,Normal,0.4737680000000001,-0.3625,0.5049,2017-12-30,Chelsea,Stoke,home,5,0,H,3,1.16,8.5,19.0,-2.0,1.84,2.02,1.46,2.79,0.0323,0.0385,1.16,True,1.46,True,1.84,1.0,0.15999999999999992,0.45999999999999996,0.8400000000000001
Chelsea,2018-04-01 16:00:00,2017,1.619180431768667,Strong Long,Normal,0.4550242,-0.3625,0.5049,2018-04-08,Chelsea,West Ham,home,1,1,D,6,1.28,6.0,12.0,-1.75,1.99,1.86,1.58,2.39,0.0312,0.0401,1.28,False,1.58,False,1.99,-1.0,-1.0,-1.0,-1.0
Chelsea,2018-04-08 15:30:00,2017,2.308734798970093,Strong Long,Normal,0.8031801999999999,-0.3625,0.5049,2018-04-14,Southampton,Chelsea,away,2,3,A,5,4.5,3.75,1.85,0.5,2.03,1.84,2.0,1.82,0.0294,0.0361,1.85,True,2.0,True,1.84,0.5,0.8500000000000001,1.0,0.42000000000000004
Chelsea,2019-01-02 19:45:00,2018,1.6143314516129033,Strong Long,Normal,0.5607084,-0.24,0.496,2019-01-12,Chelsea,Newcastle United,home,2,1,H,9,1.22,7.0,15.0,-2.0,2.25,1.68,1.68,2.21,0.0292,0.0397,1.22,True,1.68,True,2.25,-1.0,0.21999999999999997,0.6799999999999999,-1.0
Chelsea,2019-04-14 16:30:00,2018,1.5130995967741936,Strong Long,Normal,0.5104974,-0.24,0.496,2019-04-22,Chelsea,Burnley,home,2,2,D,7,1.25,6.25,15.0,-1.5,1.77,2.1,1.62,2.29,0.0267,0.0412,1.25,False,1.62,True,1.77,-1.0,-1.0,0.6200000000000001,-1.0
Chelsea,2019-08-18 16:30:00,2019,1.7212672762066763,Strong Long,Normal,0.636712,-0.1728,0.4703,2019-08-24,Norwich,Chelsea,away,2,3,A,5,4.33,3.75,1.8,0.75,1.84,2.05,1.56,2.44,0.0532,0.0313,1.8,True,1.56,True,2.05,1.0,0.8,0.56,1.0499999999999998
Chelsea,2019-12-04 19:30:00,2019,2.0692681267276205,Strong Long,Normal,0.8003767999999999,-0.1728,0.4703,2019-12-07,Everton,Chelsea,away,3,1,H,2,3.5,3.75,2.0,0.5,1.86,2.02,1.69,2.18,0.0524,0.0327,2.0,False,1.69,True,2.02,-1.0,-1.0,0.69,-1.0
Chelsea,2019-12-07 12:30:00,2019,2.100826706357644,Strong Long,Normal,0.8152187999999999,-0.1728,0.4703,2019-12-14,Chelsea,Bournemouth,home,0,1,A,6,1.25,6.0,12.0,-1.75,1.85,2.02,1.4,2.94,0.05,0.0356,1.25,False,1.4,False,1.85,-1.0,-1.0,-1.0,-1.0
Chelsea,2019-12-14 15:00:00,2019,2.412185413565809,Strong Long,Normal,0.9616508,-0.1728,0.4703,2019-12-22,Tottenham,Chelsea,away,0,2,A,7,2.37,3.75,2.75,-0.25,2.06,1.81,1.59,2.37,0.0522,0.0379,2.75,True,1.59,False,1.81,1.0,1.75,-1.0,0.81
Chelsea,2019-12-22 16:30:00,2019,2.273238358494578,Strong Long,Normal,0.896304,-0.1728,0.4703,2019-12-26,Chelsea,Southampton,home,0,2,A,3,1.33,5.25,9.0,-1.5,1.99,1.87,1.49,2.62,0.0535,0.0373,1.33,False,1.49,False,1.99,-1.0,-1.0,-1.0,-1.0
Chelsea,2020-01-18 17:30:00,2019,1.5846451201360832,Strong Long,Normal,0.5724585999999999,-0.1728,0.4703,2020-01-21,Chelsea,Arsenal,home,2,2,D,2,1.72,3.9,4.5,-0.75,1.94,1.94,1.68,2.2,0.06,0.0309,1.72,False,1.68,True,1.94,-1.0,-1.0,0.6799999999999999,-1.0
Chelsea,2020-01-21 20:15:00,2019,1.808394641718052,Strong Long,Normal,0.677688,-0.1728,0.4703,2020-02-01,Leicester,Chelsea,away,2,2,D,10,2.5,3.6,2.7,0.0,1.87,1.99,1.69,2.18,0.0481,0.0373,2.7,False,1.69,True,1.99,0.0,-1.0,0.69,0.0
Chelsea,2020-02-17 20:00:00,2019,1.670426961513927,Strong Long,Normal,0.6128018,-0.1728,0.4703,2020-02-22,Chelsea,Tottenham,home,2,1,H,4,1.72,4.0,4.5,-0.75,1.95,1.93,1.81,2.02,0.0536,0.031,1.72,True,1.81,True,1.95,1.0,0.72,0.81,0.95
Chelsea,2020-02-22 12:30:00,2019,1.630282372953434,Strong Long,Normal,0.5939218,-0.1728,0.4703,2020-02-29,Bournemouth,Chelsea,away,2,2,D,6,4.75,3.8,1.72,0.75,1.87,1.99,1.8,2.03,0.0551,0.0373,1.72,False,1.8,True,1.99,-1.0,-1.0,0.8,-1.0
Chelsea,2020-12-15 18:00:00,2020,1.9637738589211615,Strong Long,Normal,0.8525389999999999,-0.094,0.482,2020-12-21,Chelsea,West Ham,home,3,0,H,5,1.44,5.0,6.25,-1.0,1.79,2.07,1.55,2.44,0.0544,0.0418,1.44,True,1.55,True,1.79,1.0,0.43999999999999995,0.55,0.79
Chelsea,2020-12-21 20:00:00,2020,1.7946203319502074,Strong Long,Normal,0.771007,-0.094,0.482,2020-12-26,Arsenal,Chelsea,away,3,1,H,4,4.0,3.6,1.9,0.5,1.94,1.91,1.91,1.91,0.0541,0.039,1.9,False,1.91,True,1.91,-1.0,-1.0,0.9099999999999999,-1.0
Chelsea,2020-12-26 17:30:00,2020,1.910547717842324,Strong Long,Normal,0.8268840000000001,-0.094,0.482,2020-12-28,Chelsea,Aston Villa,home,1,1,D,1,1.61,4.2,5.0,-0.75,1.87,2.01,1.55,2.45,0.0592,0.0323,1.61,False,1.55,False,1.87,-1.0,-1.0,-1.0,-1.0
Chelsea,2021-02-28 16:30:00,2020,1.5222697095435684,Strong Long,Normal,0.639734,-0.094,0.482,2021-03-04,Liverpool,Chelsea,away,0,1,A,3,2.25,3.6,3.0,-0.25,1.97,1.92,1.78,2.05,0.0556,0.0284,3.0,True,1.78,False,1.92,1.0,2.0,-1.0,0.9199999999999999
Chelsea,2021-04-03 11:30:00,2020,1.648030705394191,Strong Long,Normal,0.7003508,-0.094,0.482,2021-04-10,Crystal Palace,Chelsea,away,1,4,A,6,7.0,3.8,1.53,1.0,1.92,1.96,2.08,1.76,0.0596,0.031,1.53,True,2.08,True,1.96,1.0,0.53,1.08,0.96
Chelsea,2021-04-24 16:30:00,2020,1.735635684647303,Strong Long,Normal,0.7425763999999999,-0.094,0.482,2021-05-01,Chelsea,Fulham,home,2,0,H,6,1.44,4.4,7.5,-1.0,1.83,2.05,2.03,1.8,0.0551,0.0343,1.44,True,2.03,False,1.83,1.0,0.43999999999999995,-1.0,0.8300000000000001
Chelsea,2021-08-22 15:30:00,2021,1.9213153724247225,Strong Long,Normal,0.93838,-0.0315,0.5048,2021-08-28,Liverpool,Chelsea,away,1,1,D,5,2.45,3.3,2.9,0.0,1.79,2.12,2.02,1.83,0.056,0.0304,2.9,False,2.02,False,2.12,0.0,-1.0,-1.0,0.0
Chelsea,2023-01-21 12:30:00,2022,2.242228280773144,Strong Long,Normal,1.0480552,-0.054,0.4915,2023-02-03,Chelsea,Fulham,home,0,0,D,12,1.62,4.0,5.25,-1.0,2.09,1.8,1.88,1.95,0.0578,0.034,1.62,False,1.88,False,2.09,-1.0,-1.0,-1.0,-1.0
Chelsea,2023-02-03 20:00:00,2022,2.666098067141404,Strong Long,Normal,1.2563871999999998,-0.054,0.4915,2023-02-11,West Ham,Chelsea,away,1,1,D,7,3.3,3.3,2.25,0.25,1.93,1.94,2.24,1.67,0.0505,0.0336,2.25,False,2.24,False,1.94,-1.0,-1.0,-1.0,-1.0
Chelsea,2023-02-11 12:30:00,2022,2.424750762970498,Strong Long,Normal,1.1377649999999997,-0.054,0.4915,2023-02-18,Chelsea,Southampton,home,0,1,A,6,1.4,4.75,8.5,-1.25,1.88,1.99,1.93,1.9,0.0425,0.0344,1.4,False,1.93,False,1.88,-1.0,-1.0,-1.0,-1.0
Chelsea,2023-02-18 15:00:00,2022,2.5135076297049843,Strong Long,Normal,1.1813889999999998,-0.054,0.4915,2023-02-26,Tottenham,Chelsea,away,2,0,H,7,2.55,3.25,2.9,0.0,1.81,2.08,2.04,1.81,0.0447,0.0333,2.9,False,2.04,False,2.08,-1.0,-1.0,-1.0,-1.0
Chelsea,2023-02-26 13:30:00,2022,2.1604703967446595,Strong Long,Normal,1.0078712,-0.054,0.4915,2023-03-04,Chelsea,Leeds,home,1,0,H,5,1.62,4.0,5.5,-0.75,1.8,2.09,1.9,1.93,0.0491,0.034,1.62,True,1.9,False,1.8,1.0,0.6200000000000001,-1.0,0.8
Chelsea,2023-03-04 15:00:00,2022,1.7629648016276702,Strong Long,Normal,0.8124971999999998,-0.054,0.4915,2023-03-11,Leicester,Chelsea,away,1,3,A,6,3.75,3.5,1.95,0.5,1.87,2.01,1.98,1.85,0.0652,0.0323,1.95,True,1.98,True,2.01,1.0,0.95,0.98,1.0099999999999998
Chelsea,2023-04-04 19:00:00,2022,1.66922482197355,Strong Long,Normal,0.7664239999999998,-0.054,0.4915,2023-04-08,Wolverhampton Wanderers,Chelsea,away,1,0,H,3,4.2,3.5,1.91,0.5,1.92,1.94,2.16,1.7,0.0474,0.0363,1.91,False,2.16,False,1.94,-1.0,-1.0,-1.0,-1.0
Chelsea,2023-04-08 14:00:00,2022,1.6478649033570698,Strong Long,Normal,0.7559255999999998,-0.054,0.4915,2023-04-15,Chelsea,Brighton,home,1,2,A,6,2.63,3.4,2.63,0.0,1.92,1.93,1.91,1.91,0.0546,0.039,2.63,False,1.91,True,1.92,-1.0,-1.0,0.9099999999999999,-1.0
Chelsea,2023-04-15 14:00:00,2022,2.0419768056968457,Strong Long,Normal,0.9496315999999996,-0.054,0.4915,2023-04-26,Chelsea,Brentford,home,0,2,A,10,1.7,4.0,4.75,-0.75,1.9,1.96,1.95,1.87,0.0488,0.0365,1.7,False,1.95,False,1.9,-1.0,-1.0,-1.0,-1.0
Chelsea,2023-04-26 18:45:00,2022,2.5754335707019327,Strong Long,Normal,1.2118255999999998,-0.054,0.4915,2023-05-02,Arsenal,Chelsea,away,3,1,H,5,1.6,4.0,5.5,-1.0,1.98,1.89,1.75,2.1,0.0568,0.0342,5.5,False,1.75,True,1.89,-1.0,-1.0,0.75,-1.0
Chelsea,2023-05-02 19:00:00,2022,1.5194669379450656,Strong Long,Normal,0.6928179999999997,-0.054,0.4915,2023-05-06,Bournemouth,Chelsea,away,1,3,A,3,3.3,3.5,2.15,0.25,1.99,1.86,1.95,1.88,0.0539,0.0401,2.15,True,1.95,True,1.86,1.0,1.15,0.95,0.8600000000000001
Chelsea,2023-08-20 15:30:00,2023,1.7417208111833031,Strong Long,Normal,0.8802199999999998,-0.0044,0.5079,2023-08-25,Chelsea,Luton,home,3,0,H,4,1.29,5.5,11.0,-1.5,1.89,1.98,1.66,2.27,0.0479,0.0342,1.29,True,1.66,True,1.89,1.0,0.29000000000000004,0.6599999999999999,0.8899999999999999
Chelsea,2023-09-02 14:00:00,2023,2.079775546367395,Strong Long,Normal,1.051918,-0.0044,0.5079,2023-09-17,Bournemouth,Chelsea,away,0,0,D,14,4.33,3.75,1.8,0.75,1.85,1.99,1.64,2.3,0.0532,0.0431,1.8,False,1.64,False,1.99,-1.0,-1.0,-1.0,-1.0
Chelsea,2023-09-17 13:00:00,2023,2.228438669029336,Strong Long,Normal,1.127424,-0.0044,0.5079,2023-09-24,Chelsea,Aston Villa,home,0,1,A,6,1.91,3.75,3.8,-0.5,1.9,1.97,1.7,2.2,0.0534,0.0339,1.91,False,1.7,False,1.9,-1.0,-1.0,-1.0,-1.0
Chelsea,2023-09-24 13:00:00,2023,2.332624532388265,Strong Long,Normal,1.18034,-0.0044,0.5079,2023-10-02,Fulham,Chelsea,away,0,2,A,7,3.6,3.5,2.05,0.5,1.82,2.05,1.93,1.89,0.0513,0.0373,2.05,True,1.93,False,2.05,1.0,1.0499999999999998,-1.0,1.0499999999999998
Chelsea,2023-10-02 19:00:00,2023,2.0866902933648355,Strong Long,Normal,1.05543,-0.0044,0.5079,2023-10-07,Burnley,Chelsea,away,1,4,A,4,4.5,3.8,1.73,0.75,1.89,1.94,1.8,2.04,0.0634,0.0446,1.73,True,1.8,True,1.94,1.0,0.73,0.8,0.94
Chelsea,2023-12-27 19:30:00,2023,1.9753699547154948,Strong Long,Normal,0.9988903999999998,-0.0044,0.5079,2023-12-30,Luton,Chelsea,away,2,3,A,2,6.5,4.2,1.5,1.0,2.01,1.86,1.66,2.27,0.0586,0.0351,1.5,True,1.66,True,1.86,0.0,0.5,0.6599999999999999,0.0
Crystal Palace,2017-09-10 13:30:00,2017,2.2260433140266933,Strong Long,Normal,0.9133618,0.0294,0.3971,2017-09-16,Crystal Palace,Southampton,home,0,1,A,5,3.0,3.3,2.6,0.0,2.07,1.81,2.3,1.62,0.021,0.0356,3.0,False,2.3,False,2.07,-1.0,-1.0,-1.0,-1.0
Crystal Palace,2017-09-16 12:30:00,2017,3.0977783933518004,Strong Long,Normal,1.2595278,0.0294,0.3971,2017-09-23,Manchester City,Crystal Palace,away,5,0,H,6,1.14,10.0,21.0,-2.25,1.86,2.02,1.36,3.13,0.0248,0.0327,21.0,False,1.36,True,2.02,-1.0,-1.0,0.3600000000000001,-1.0
Crystal Palace,2017-09-23 15:00:00,2017,2.907440443213296,Strong Long,Normal,1.1839445999999998,0.0294,0.3971,2017-09-30,Manchester United,Crystal Palace,away,4,0,H,6,1.17,7.0,15.0,-2.0,1.89,1.98,1.58,2.36,0.0642,0.0342,15.0,False,1.58,True,1.98,-1.0,-1.0,0.5800000000000001,-1.0
Crystal Palace,2017-09-30 15:00:00,2017,2.6641551246537394,Strong Long,Normal,1.087336,0.0294,0.3971,2017-10-14,Crystal Palace,Chelsea,home,2,1,H,13,9.0,5.0,1.4,1.25,1.89,1.98,1.81,1.99,0.0254,0.0342,9.0,True,1.81,True,1.89,1.0,8.0,0.81,0.8899999999999999
Crystal Palace,2017-10-14 15:00:00,2017,2.0092969025434395,Strong Long,Normal,0.8272917999999999,0.0294,0.3971,2017-10-21,Newcastle United,Crystal Palace,away,1,0,H,6,2.0,3.5,4.2,-0.25,1.69,2.24,2.05,1.77,0.0238,0.0381,4.2,False,2.05,False,2.24,-1.0,-1.0,-1.0,-1.0
Crystal Palace,2017-12-09 15:00:00,2017,1.6982301687232433,Strong Long,Normal,0.7037671999999999,0.0294,0.3971,2017-12-12,Crystal Palace,Watford,home,2,1,H,2,2.29,3.5,3.25,-0.25,1.94,1.92,1.84,1.98,0.0301,0.0363,2.29,True,1.84,True,1.94,1.0,1.29,0.8400000000000001,0.94
Crystal Palace,2018-02-10 15:00:00,2017,1.501642911105515,Strong Long,Normal,0.6257024,0.0294,0.3971,2018-02-25,Crystal Palace,Tottenham,home,0,1,A,14,7.5,4.5,1.5,1.25,1.81,2.07,1.73,2.11,0.0222,0.0356,7.5,False,1.73,False,1.81,1.0,-1.0,-1.0,0.81
Crystal Palace,2023-01-15 14:00:00,2022,1.5238463656387664,Strong Long,Normal,0.588961,0.0355,0.3632,2023-01-18,Crystal Palace,Manchester United,home,1,1,D,2,4.5,3.6,1.8,0.75,1.84,2.02,1.93,1.9,0.0556,0.0385,4.5,False,1.93,False,1.84,1.0,-1.0,-1.0,0.8400000000000001
Crystal Palace,2024-04-14 13:00:00,2023,1.5711727425687043,Strong Long,Normal,0.5899802,0.0297,0.3566,2024-04-21,Crystal Palace,West Ham,home,5,2,H,6,2.1,3.6,3.4,-0.25,1.84,2.01,1.79,2.04,0.0481,0.041,2.1,True,1.79,True,1.84,1.0,1.1,0.79,0.8400000000000001
Fulham,2024-01-30 19:45:00,2023,2.0708119487908965,Strong Long,Normal,0.8612904,0.1334,0.3515,2024-02-03,Burnley,Fulham,away,2,2,D,3,2.9,3.4,2.38,0.25,1.79,2.06,1.93,1.9,0.0591,0.0441,2.38,False,1.93,True,2.06,-1.0,-1.0,0.9299999999999999,-1.0
Fulham,2024-05-04 14:00:00,2023,1.974687908961593,Strong Long,Normal,0.8275027999999999,0.1334,0.3515,2024-05-11,Fulham,Manchester City,home,0,4,A,6,13.0,7.0,1.2,2.0,1.84,2.02,1.34,3.18,0.0531,0.0385,13.0,False,1.34,True,1.84,-1.0,-1.0,0.3400000000000001,-1.0
Fulham,2024-05-11 11:30:00,2023,1.550255761024182,Strong Long,Normal,0.6783148999999999,0.1334,0.3515,2024-05-19,Luton,Fulham,away,2,4,A,7,2.9,3.9,2.2,0.25,1.89,1.95,1.44,2.76,0.0558,0.0419,2.2,True,1.44,True,1.95,1.0,1.2000000000000002,0.43999999999999995,0.95
Leicester,2018-03-03 15:00:00,2017,1.5970246212121215,Strong Long,Normal,0.6694832000000002,-0.0051,0.4224,2018-03-10,West Bromwich Albion,Leicester,away,1,4,A,6,3.0,3.25,2.6,0.25,1.75,2.14,2.2,1.68,0.0256,0.0387,2.6,True,2.2,True,2.14,1.0,1.6,1.2000000000000002,1.1400000000000001
Leicester,2018-11-10 15:00:00,2018,1.8854246243334951,Strong Long,Normal,0.7365262000000001,-0.0414,0.4126,2018-11-24,Brighton,Leicester,away,1,1,D,13,2.9,3.4,2.6,0.25,1.68,2.25,2.28,1.63,0.0236,0.0397,2.6,False,2.28,False,2.25,-1.0,-1.0,-1.0,-1.0
Leicester,2018-11-24 15:00:00,2018,1.895356761997092,Strong Long,Normal,0.7406242000000001,-0.0414,0.4126,2018-12-01,Leicester,Watford,home,2,0,H,6,2.25,3.3,3.6,-0.25,1.93,1.94,1.98,1.83,0.0253,0.0336,2.25,True,1.98,False,1.93,1.0,1.25,-1.0,0.9299999999999999
Leicester,2018-12-01 15:00:00,2018,1.6457634512845374,Strong Long,Normal,0.6376420000000002,-0.0414,0.4126,2018-12-05,Fulham,Leicester,away,1,1,D,3,3.0,3.5,2.45,0.25,1.81,2.08,1.79,2.03,0.0272,0.0333,2.45,False,1.79,False,2.08,-1.0,-1.0,-1.0,-1.0
Leicester,2019-02-26 19:45:00,2018,1.757109549200194,Strong Long,Normal,0.6835834000000001,-0.0414,0.4126,2019-03-03,Watford,Leicester,away,2,1,H,4,2.55,3.3,3.0,-0.25,2.11,1.78,1.95,1.87,0.0285,0.0357,3.0,False,1.95,True,1.78,-1.0,-1.0,0.95,-1.0
Leicester,2019-03-03 12:00:00,2018,1.5959282598158022,Strong Long,Normal,0.6170800000000001,-0.0414,0.4126,2019-03-09,Leicester,Fulham,home,3,1,H,5,1.57,4.5,6.0,-1.0,2.0,1.86,1.69,2.19,0.0258,0.0376,1.57,True,1.69,True,2.0,1.0,0.5700000000000001,0.69,1.0
Leicester,2020-09-13 13:00:00,2020,1.509273194856578,Strong Long,Normal,0.7259376000000001,-0.037,0.5055,2020-09-20,Leicester,Burnley,home,4,2,H,6,1.61,4.0,5.5,-0.75,1.8,2.09,1.95,1.88,0.0529,0.034,1.61,True,1.95,True,1.8,1.0,0.6100000000000001,0.95,0.8
Leicester,2023-03-18 15:00:00,2022,2.389187819679237,Strong Long,Normal,0.97407126,-0.1283,0.4614,2023-04-01,Crystal Palace,Leicester,away,2,1,H,13,2.5,3.25,2.9,0.0,1.79,2.08,2.17,1.7,0.0525,0.0394,2.9,False,2.17,True,2.08,-1.0,-1.0,1.17,-1.0
Leicester,2023-04-25 19:00:00,2022,1.6156098829648895,Strong Long,Normal,0.6171424000000001,-0.1283,0.4614,2023-05-01,Leicester,Everton,home,2,2,D,5,2.0,3.5,3.75,-0.5,2.03,1.84,2.02,1.8,0.0524,0.0361,2.0,False,2.02,True,2.03,-0.5,-1.0,1.02,-0.5
Leicester,2023-05-01 19:00:00,2022,2.3322388383181623,Strong Long,Normal,0.947795,-0.1283,0.4614,2023-05-08,Fulham,Leicester,away,5,3,H,6,2.63,3.5,2.6,0.0,1.96,1.9,1.83,2.01,0.0506,0.0365,2.6,False,1.83,True,1.9,-1.0,-1.0,0.8300000000000001,-1.0
Leicester,2023-05-08 14:00:00,2022,1.9827351538794973,Strong Long,Normal,0.7865340000000002,-0.1283,0.4614,2023-05-15,Leicester,Liverpool,home,0,3,A,6,5.25,4.33,1.57,1.0,1.92,1.94,1.49,2.63,0.0584,0.0363,5.25,False,1.49,True,1.92,-1.0,-1.0,0.49,-1.0
Leicester,2023-05-15 19:00:00,2022,1.8095994798439536,Strong Long,Normal,0.7066492000000002,-0.1283,0.4614,2023-05-22,Newcastle United,Leicester,away,0,0,D,6,1.36,5.5,7.0,-1.5,2.0,1.86,1.51,2.57,0.06,0.0376,7.0,False,1.51,False,1.86,1.0,-1.0,-1.0,0.8600000000000001
Leicester,2023-05-22 19:00:00,2022,1.5558574772431732,Strong Long,Normal,0.5895726400000001,-0.1283,0.4614,2023-05-28,Leicester,West Ham,home,2,1,H,5,1.91,3.8,3.6,-0.5,1.93,1.92,1.68,2.21,0.0645,0.039,1.91,True,1.68,True,1.93,0.5,0.9099999999999999,0.6799999999999999,0.46499999999999997
Liverpool,2017-09-16 15:00:00,2017,1.94224,Strong Long,Normal,0.5555412000000001,-0.3039,0.4425,2017-09-23,Leicester,Liverpool,away,2,3,A,6,4.1,3.9,1.91,0.75,1.78,2.11,1.69,2.18,0.0239,0.0357,1.91,True,1.69,True,2.11,1.0,0.9099999999999999,0.69,1.1099999999999999
Liverpool,2017-09-23 17:30:00,2017,1.6319710734463275,Strong Long,Normal,0.4182472,-0.3039,0.4425,2017-10-01,Newcastle United,Liverpool,away,1,1,D,7,5.0,3.8,1.67,0.75,1.96,1.91,1.68,2.18,0.062,0.0338,1.67,False,1.68,False,1.91,-1.0,-1.0,-1.0,-1.0
Liverpool,2017-10-14 12:30:00,2017,2.2023710734463275,Strong Long,Normal,0.6706492000000001,-0.3039,0.4425,2017-10-22,Tottenham,Liverpool,away,4,1,H,7,2.25,3.5,3.39,-0.25,1.88,1.99,1.66,2.23,0.0251,0.0344,3.39,False,1.66,True,1.99,-1.0,-1.0,0.6599999999999999,-1.0
Liverpool,2017-10-22 16:00:00,2017,1.751562033898305,Strong Long,Normal,0.4711662,-0.3039,0.4425,2017-10-28,Liverpool,Huddersfield,home,3,0,H,5,1.25,6.75,13.0,-2.0,2.16,1.73,1.48,2.61,0.0251,0.041,1.25,True,1.48,True,2.16,1.0,0.25,0.48,1.1600000000000001
Liverpool,2018-04-28 11:30:00,2017,1.6195575141242935,Strong Long,Normal,0.4127542,-0.3039,0.4425,2018-05-06,Chelsea,Liverpool,away,1,0,H,7,2.25,3.6,3.29,-0.25,1.93,1.93,1.71,2.13,0.0262,0.0363,3.29,False,1.71,False,1.93,-1.0,-1.0,-1.0,-1.0
Liverpool,2018-05-06 16:30:00,2017,1.9389392090395483,Strong Long,Normal,0.5540806,-0.3039,0.4425,2018-05-13,Liverpool,Brighton,home,4,0,H,6,1.19,8.0,15.0,-2.0,1.88,1.97,1.41,2.86,0.032,0.0395,1.19,True,1.41,True,1.88,1.0,0.18999999999999995,0.4099999999999999,0.8799999999999999
Liverpool,2018-08-12 15:30:00,2018,1.5032457454050374,Strong Long,Normal,0.4073804,-0.2551,0.4407,2018-08-20,Crystal Palace,Liverpool,away,0,2,A,7,7.0,5.0,1.44,1.25,1.93,1.94,1.55,2.43,0.0373,0.0336,1.44,True,1.55,False,1.94,1.0,0.43999999999999995,-1.0,0.94
Liverpool,2018-08-20 22:00:00,2018,2.039905604719764,Strong Long,Normal,0.6438864,-0.2551,0.4407,2018-08-25,Liverpool,Brighton,home,1,0,H,4,1.16,8.5,19.0,-2.25,1.96,1.91,1.41,2.85,0.0323,0.0338,1.16,True,1.41,False,1.96,-1.0,0.15999999999999992,-1.0,-1.0
Liverpool,2018-09-15 11:30:00,2018,1.58521896982074,Strong Long,Normal,0.443506,-0.2551,0.4407,2018-09-22,Liverpool,Southampton,home,3,0,H,6,1.2,7.5,17.0,-2.0,1.96,1.9,1.49,2.59,0.0255,0.0365,1.2,True,1.49,True,1.96,1.0,0.19999999999999996,0.49,0.96
Liverpool,2019-10-27 16:30:00,2019,1.5679055194022655,Strong Long,Normal,0.394024,-0.2565,0.4149,2019-11-02,Aston Villa,Liverpool,away,1,2,A,5,9.0,5.0,1.33,1.5,1.89,2.0,1.47,2.71,0.063,0.0291,1.33,True,1.47,True,2.0,-0.5,0.33000000000000007,0.47,-0.5
Liverpool,2019-11-02 15:00:00,2019,2.222622318630996,Strong Long,Normal,0.665666,-0.2565,0.4149,2019-11-10,Liverpool,Manchester City,home,3,1,H,7,2.5,3.6,2.62,0.0,1.89,1.99,1.63,2.3,0.0595,0.0316,2.5,True,1.63,True,1.89,1.0,1.5,0.6299999999999999,0.8899999999999999
Liverpool,2020-01-19 16:30:00,2019,1.611067727163172,Strong Long,Normal,0.411932,-0.2565,0.4149,2020-01-23,Wolverhampton Wanderers,Liverpool,away,1,2,A,3,5.75,3.8,1.61,0.75,2.07,1.81,1.8,2.02,0.0582,0.0356,1.61,True,1.8,True,1.81,1.0,0.6100000000000001,0.8,0.81
Liverpool,2020-01-23 20:00:00,2019,1.5245456736563026,Strong Long,Normal,0.376034,-0.2565,0.4149,2020-01-29,West Ham,Liverpool,away,0,2,A,5,8.5,5.5,1.33,1.5,1.9,1.96,1.56,2.44,0.0513,0.0365,1.33,True,1.56,False,1.96,0.5,0.33000000000000007,-1.0,0.48
Liverpool,2020-01-29 19:45:00,2019,1.5766160520607375,Strong Long,Normal,0.397638,-0.2565,0.4149,2020-02-01,Liverpool,Southampton,home,4,0,H,2,1.25,6.0,12.0,-1.5,1.84,2.02,1.53,2.49,0.05,0.0385,1.25,True,1.53,True,1.84,1.0,0.25,0.53,0.8400000000000001
Liverpool,2021-01-21 20:00:00,2020,3.37315973029528,Strong Long,Normal,1.199696,-0.2511,0.4301,2021-01-28,Tottenham,Liverpool,away,1,3,A,6,3.2,3.6,2.2,0.25,1.95,1.92,1.8,2.04,0.0448,0.0337,2.2,True,1.8,True,1.92,1.0,1.2000000000000002,0.8,0.9199999999999999
Liverpool,2021-01-28 20:00:00,2020,2.970058126017205,Strong Long,Normal,1.026322,-0.2511,0.4301,2021-01-31,West Ham,Liverpool,away,1,3,A,2,4.33,4.0,1.75,0.75,1.88,1.99,1.65,2.27,0.0524,0.0344,1.75,True,1.65,True,1.99,1.0,0.75,0.6499999999999999,0.99
Liverpool,2021-01-31 16:30:00,2020,1.9180330155777725,Strong Long,Normal,0.573846,-0.2511,0.4301,2021-02-03,Liverpool,Brighton,home,0,1,A,2,1.33,5.25,9.0,-1.5,2.05,1.81,1.63,2.3,0.0535,0.0403,1.33,False,1.63,False,2.05,-1.0,-1.0,-1.0,-1.0
Liverpool,2021-02-03 20:15:00,2020,1.7892908625900954,Strong Long,Normal,0.518474,-0.2511,0.4301,2021-02-07,Liverpool,Manchester City,home,1,4,A,3,3.4,3.6,2.05,0.25,2.04,1.84,1.7,2.17,0.0597,0.0337,3.4,False,1.7,True,2.04,-1.0,-1.0,0.7,-1.0
Liverpool,2021-02-20 17:30:00,2020,1.7715694024645432,Strong Long,Normal,0.510852,-0.2511,0.4301,2021-02-28,Sheffield United,Liverpool,away,0,2,A,7,8.0,5.0,1.36,1.25,1.94,1.94,1.66,2.24,0.0603,0.0309,1.36,True,1.66,False,1.94,1.0,0.3600000000000001,-1.0,0.94
Liverpool,2021-02-28 19:15:00,2020,2.584133922343641,Strong Long,Normal,0.8603359999999999,-0.2511,0.4301,2021-03-04,Liverpool,Chelsea,home,0,1,A,3,2.25,3.6,3.0,-0.25,1.97,1.92,1.78,2.05,0.0556,0.0284,2.25,False,1.78,False,1.97,-1.0,-1.0,-1.0,-1.0
Liverpool,2021-03-04 20:15:00,2020,2.1897391304347824,Strong Long,Normal,0.6907068,-0.2511,0.4301,2021-03-07,Liverpool,Fulham,home,0,1,A,2,1.36,5.0,8.5,-1.25,1.88,2.01,1.69,2.18,0.0529,0.0294,1.36,False,1.69,False,1.88,-1.0,-1.0,-1.0,-1.0
Liverpool,2021-03-07 14:00:00,2020,2.433628458498024,Strong Long,Normal,0.7956036,-0.2511,0.4301,2021-03-15,Wolverhampton Wanderers,Liverpool,away,0,1,A,7,4.75,3.75,1.72,0.75,1.9,1.98,1.96,1.86,0.0586,0.0314,1.72,True,1.96,False,1.98,1.0,0.72,-1.0,0.98
Liverpool,2021-04-24 11:30:00,2020,1.5538014415252264,Strong Long,Normal,0.4171899999999999,-0.2511,0.4301,2021-05-08,Liverpool,Southampton,home,2,0,H,13,1.25,6.0,11.0,-1.75,2.04,1.85,1.47,2.69,0.0576,0.0307,1.25,True,1.47,False,2.04,1.0,0.25,-1.0,1.04
Liverpool,2021-05-08 19:15:00,2020,1.6507416879795396,Strong Long,Normal,0.4588839999999999,-0.2511,0.4301,2021-05-13,Manchester United,Liverpool,away,2,4,A,4,3.0,3.75,2.2,0.25,1.97,1.9,1.69,2.19,0.0545,0.0339,2.2,True,1.69,True,1.9,1.0,1.2000000000000002,0.69,0.8999999999999999
Liverpool,2021-12-28 20:00:00,2021,2.6820533446232013,Strong Long,Normal,1.070102,-0.1969,0.4724,2022-01-02,Chelsea,Liverpool,away,2,2,D,4,3.1,3.5,2.25,0.25,1.88,1.99,1.79,2.05,0.0527,0.0344,2.25,False,1.79,True,1.99,-1.0,-1.0,0.79,-1.0
Liverpool,2022-01-02 16:30:00,2021,1.9901185436071125,Strong Long,Normal,0.7432319999999999,-0.1969,0.4724,2022-01-16,Liverpool,Brentford,home,3,0,H,13,1.3,5.5,10.0,-1.5,1.9,1.98,1.65,2.26,0.051,0.0314,1.3,True,1.65,True,1.9,1.0,0.30000000000000004,0.6499999999999999,0.8999999999999999
Liverpool,2022-10-29 18:45:00,2022,2.0948415925455315,Strong Long,Normal,0.8222842,-0.1669,0.4722,2022-11-06,Tottenham,Liverpool,away,1,2,A,7,3.3,3.6,2.1,0.25,1.99,1.87,1.68,2.19,0.057,0.0373,2.1,True,1.68,True,1.87,1.0,1.1,0.6799999999999999,0.8700000000000001
Liverpool,2022-11-06 16:30:00,2022,2.391465480728505,Strong Long,Normal,0.96235,-0.1669,0.4722,2022-11-12,Liverpool,Southampton,home,3,1,H,5,1.25,6.5,11.0,-1.75,1.86,2.01,1.41,2.91,0.0448,0.0351,1.25,True,1.41,True,1.86,1.0,0.25,0.4099999999999999,0.8600000000000001
Liverpool,2022-12-26 17:30:00,2022,1.5491359593392626,Strong Long,Normal,0.5646019999999999,-0.1669,0.4722,2022-12-30,Liverpool,Leicester,home,2,1,H,3,1.29,6.0,9.5,-1.75,2.01,1.86,1.44,2.8,0.0471,0.0351,1.29,True,1.44,True,2.01,-1.0,0.29000000000000004,0.43999999999999995,-1.0
Liverpool,2023-01-21 12:30:00,2022,2.143354510800508,Strong Long,Normal,0.8451919999999999,-0.1669,0.4722,2023-02-04,Wolverhampton Wanderers,Liverpool,away,3,0,H,13,4.0,3.8,1.85,0.5,1.99,1.89,1.79,2.05,0.0537,0.0316,1.85,False,1.79,True,1.89,-1.0,-1.0,0.79,-1.0
Liverpool,2023-02-04 15:00:00,2022,2.4800720033883947,Strong Long,Normal,1.00419,-0.1669,0.4722,2023-02-13,Liverpool,Everton,home,2,0,H,8,1.5,4.33,6.5,-1.0,1.87,2.0,1.78,2.06,0.0515,0.0348,1.5,True,1.78,False,1.87,1.0,0.5,-1.0,0.8700000000000001
Liverpool,2023-02-13 20:00:00,2022,2.568288860652266,Strong Long,Normal,1.0458459999999998,-0.1669,0.4722,2023-02-18,Newcastle United,Liverpool,away,0,2,A,4,2.5,3.5,2.7,0.0,1.88,2.01,1.79,2.04,0.0561,0.0294,2.7,True,1.79,False,2.01,1.0,1.7000000000000002,-1.0,1.0099999999999998
Liverpool,2023-02-18 17:30:00,2022,2.1705252011859377,Strong Long,Normal,0.8580219999999998,-0.1669,0.4722,2023-02-25,Crystal Palace,Liverpool,away,0,0,D,6,4.75,3.8,1.73,0.75,1.92,1.96,1.82,2.02,0.0517,0.031,1.73,False,1.82,False,1.96,-1.0,-1.0,-1.0,-1.0
Liverpool,2023-02-25 19:45:00,2022,2.197081745023295,Strong Long,Normal,0.870562,-0.1669,0.4722,2023-03-01,Liverpool,Wolverhampton Wanderers,home,2,0,H,3,1.5,4.75,6.0,-1.0,1.8,2.08,1.73,2.14,0.0439,0.0363,1.5,True,1.73,False,1.8,1.0,0.5,-1.0,0.8
Liverpool,2023-03-01 20:00:00,2022,1.9432316814908928,Strong Long,Normal,0.7506939999999999,-0.1669,0.4722,2023-03-05,Liverpool,Manchester United,home,7,0,H,3,2.38,3.6,2.88,-0.25,2.08,1.81,1.65,2.27,0.0452,0.0333,2.38,True,1.65,True,2.08,1.0,1.38,0.6499999999999999,1.08
Liverpool,2024-04-07 14:30:00,2023,2.2197072164948453,Strong Long,Normal,0.9482579999999998,-0.1283,0.485,2024-04-14,Liverpool,Crystal Palace,home,0,1,A,6,1.22,7.0,12.0,-2.0,1.96,1.89,1.39,3.0,0.0459,0.0393,1.22,False,1.39,False,1.96,-1.0,-1.0,-1.0,-1.0
Liverpool,2024-04-14 13:00:00,2023,3.3423381443298967,Strong Long,Normal,1.4927339999999998,-0.1283,0.485,2024-04-21,Fulham,Liverpool,away,1,3,A,6,5.25,4.5,1.57,1.0,1.95,1.9,1.41,2.91,0.0496,0.0391,1.57,True,1.41,True,1.9,1.0,0.5700000000000001,0.4099999999999999,0.8999999999999999
Liverpool,2024-04-21 15:30:00,2023,2.010185567010309,Strong Long,Normal,0.8466399999999998,-0.1283,0.485,2024-04-24,Everton,Liverpool,away,2,0,H,2,7.0,5.0,1.4,1.25,1.95,1.9,1.51,2.56,0.0571,0.0391,1.4,False,1.51,False,1.9,-1.0,-1.0,-1.0,-1.0
Liverpool,2024-04-24 19:00:00,2023,2.2823752577319585,Strong Long,Normal,0.978652,-0.1283,0.485,2024-04-27,West Ham,Liverpool,away,2,2,D,2,5.5,5.0,1.5,1.0,2.1,1.78,1.37,3.1,0.0485,0.038,1.5,False,1.37,True,1.78,-1.0,-1.0,0.3700000000000001,-1.0
Liverpool,2024-04-27 11:30:00,2023,2.6020701030927835,Strong Long,Normal,1.1337039999999998,-0.1283,0.485,2024-05-05,Liverpool,Tottenham,home,4,2,H,7,1.5,5.75,5.0,-1.25,1.94,1.91,1.26,3.82,0.0406,0.039,1.5,True,1.26,True,1.94,1.0,0.5,0.26,0.94
Manchester United,2019-02-03 14:05:00,2018,1.8480726196880044,Strong Long,Normal,0.6009134000000002,-0.0862,0.3718,2019-02-09,Fulham,Manchester United,away,0,3,A,5,5.5,4.4,1.61,1.0,1.84,2.02,1.6,2.34,0.0302,0.0385,1.61,True,1.6,True,2.02,1.0,0.6100000000000001,0.6000000000000001,1.02
Manchester United,2019-04-13 17:30:00,2018,2.1590640129101666,Strong Long,Normal,0.7165400000000001,-0.0862,0.3718,2019-04-21,Everton,Manchester United,away,4,0,H,7,3.25,3.5,2.3,0.25,1.89,1.98,1.86,1.95,0.0282,0.0342,2.3,False,1.86,True,1.98,-1.0,-1.0,0.8600000000000001,-1.0
Manchester United,2019-04-21 13:30:00,2018,2.569941904249597,Strong Long,Normal,0.8693044000000001,-0.0862,0.3718,2019-04-24,Manchester United,Manchester City,home,0,2,A,2,7.5,5.0,1.44,1.5,1.68,2.24,1.52,2.54,0.0278,0.0417,7.5,False,1.52,False,1.68,-0.5,-1.0,-1.0,-0.5
Manchester United,2019-04-24 20:00:00,2018,1.5716681011296398,Strong Long,Normal,0.4981462000000001,-0.0862,0.3718,2019-04-28,Manchester United,Chelsea,home,1,1,D,3,2.7,3.5,2.7,-0.25,2.31,1.66,1.85,1.97,0.0265,0.0353,2.7,False,1.85,False,2.31,-1.0,-1.0,-1.0,-1.0
Manchester United,2019-04-28 16:30:00,2018,1.6492958579881658,Strong Long,Normal,0.5270082000000001,-0.0862,0.3718,2019-05-05,Huddersfield,Manchester United,away,1,1,D,6,11.0,6.0,1.3,1.5,1.93,1.93,1.67,2.22,0.0268,0.0363,1.3,False,1.67,False,1.93,-1.0,-1.0,-1.0,-1.0
Manchester United,2019-05-05 13:00:00,2018,1.5643146853146856,Strong Long,Normal,0.4954122000000002,-0.0862,0.3718,2019-05-12,Manchester United,Cardiff,home,0,2,A,6,1.28,6.5,11.0,-2.0,2.32,1.64,1.39,2.95,0.026,0.0408,1.28,False,1.39,False,2.32,-1.0,-1.0,-1.0,-1.0
Manchester United,2019-09-22 13:00:00,2019,1.8702462813947816,Strong Long,Normal,0.7321880000000001,-0.0348,0.4101,2019-09-30,Manchester United,Arsenal,home,1,1,D,7,2.37,3.5,2.9,-0.25,2.05,1.84,1.63,2.28,0.0525,0.0313,2.37,False,1.63,False,2.05,-1.0,-1.0,-1.0,-1.0
Manchester United,2019-09-30 19:00:00,2019,1.86545720555962,Strong Long,Normal,0.7302240000000001,-0.0348,0.4101,2019-10-06,Newcastle United,Manchester United,away,1,0,H,5,4.5,3.5,1.85,0.5,1.98,1.9,2.16,1.71,0.0485,0.0314,1.85,False,2.16,False,1.9,-1.0,-1.0,-1.0,-1.0
Manchester United,2019-10-06 16:30:00,2019,1.7355347476225311,Strong Long,Normal,0.6769428000000002,-0.0348,0.4101,2019-10-20,Manchester United,Liverpool,home,1,1,D,13,5.25,3.8,1.65,0.75,1.98,1.9,1.76,2.08,0.0597,0.0314,5.25,False,1.76,False,1.98,1.0,-1.0,-1.0,0.98
Manchester United,2019-10-27 16:30:00,2019,1.8820512070226771,Strong Long,Normal,0.7370292,-0.0348,0.4101,2019-11-02,Bournemouth,Manchester United,away,1,0,H,5,3.25,3.6,2.15,0.25,1.99,1.89,1.84,1.99,0.0506,0.0316,2.15,False,1.84,False,1.89,-1.0,-1.0,-1.0,-1.0
Manchester United,2019-11-02 12:30:00,2019,1.5713313825896122,Strong Long,Normal,0.609603,-0.0348,0.4101,2019-11-10,Manchester United,Brighton,home,3,1,H,7,1.6,3.75,6.5,-0.75,1.89,1.99,2.02,1.82,0.0455,0.0316,1.6,True,2.02,True,1.89,1.0,0.6000000000000001,1.02,0.8899999999999999
Manchester United,2019-11-10 14:00:00,2019,1.8246793465008535,Strong Long,Normal,0.713501,-0.0348,0.4101,2019-11-24,Sheffield United,Manchester United,away,3,3,D,13,3.5,3.4,2.1,0.25,2.0,1.87,2.18,1.69,0.056,0.0348,2.1,False,2.18,True,1.87,-1.0,-1.0,1.1800000000000002,-1.0
Manchester United,2022-02-15 20:15:00,2021,1.781270966217813,Strong Long,Normal,0.6787120000000002,-0.0753,0.4233,2022-02-20,Leeds,Manchester United,away,2,4,A,4,3.9,3.8,1.85,0.5,1.97,1.91,1.63,2.3,0.0601,0.0312,1.85,True,1.63,True,1.91,1.0,0.8500000000000001,0.6299999999999999,0.9099999999999999
Manchester United,2022-02-20 14:00:00,2021,1.5687975431136314,Strong Long,Normal,0.5887720000000002,-0.0753,0.4233,2022-02-26,Manchester United,Watford,home,0,0,D,5,1.3,5.5,9.5,-1.5,1.98,1.9,1.64,2.28,0.0563,0.0314,1.3,False,1.64,False,1.98,-1.0,-1.0,-1.0,-1.0
Manchester United,2022-02-26 15:00:00,2021,2.351221356012285,Strong Long,Normal,0.9199720000000002,-0.0753,0.4233,2022-03-06,Manchester City,Manchester United,away,4,1,H,7,1.4,4.75,7.5,-1.25,1.89,1.98,1.6,2.35,0.0581,0.0342,7.5,False,1.6,True,1.98,-1.0,-1.0,0.6000000000000001,-1.0
Manchester United,2022-03-06 16:30:00,2021,1.655691944247579,Strong Long,Normal,0.6255544000000002,-0.0753,0.4233,2022-03-12,Manchester United,Tottenham,home,3,2,H,5,2.2,3.4,3.25,-0.25,1.89,1.99,1.74,2.13,0.0564,0.0316,2.2,True,1.74,True,1.89,1.0,1.2000000000000002,0.74,0.8899999999999999
Manchester United,2022-08-22 19:00:00,2022,1.6099628109152386,Strong Long,Normal,0.6094856000000003,-0.0572,0.4141,2022-08-27,Southampton,Manchester United,away,0,1,A,4,4.2,4.0,1.8,0.75,1.86,2.01,1.59,2.39,0.0437,0.0351,1.8,True,1.59,False,2.01,1.0,0.8,-1.0,1.0099999999999998
Manchester United,2023-04-05 19:00:00,2022,1.815846413909684,Strong Long,Normal,0.6947420000000002,-0.0572,0.4141,2023-04-08,Manchester United,Everton,home,2,0,H,2,1.5,4.33,6.5,-1.0,1.82,2.04,1.83,1.99,0.0515,0.0396,1.5,True,1.83,False,1.82,1.0,0.5,-1.0,0.8200000000000001
Manchester United,2023-04-08 11:30:00,2022,2.3660275295822277,Strong Long,Normal,0.9225720000000004,-0.0572,0.4141,2023-04-16,Nottingham Forest,Manchester United,away,0,2,A,7,5.5,4.0,1.62,0.75,1.97,1.88,1.78,2.05,0.0491,0.0395,1.62,True,1.78,False,1.88,1.0,0.6200000000000001,-1.0,0.8799999999999999
Manchester United,2023-04-16 15:30:00,2022,2.6074803187635847,Strong Long,Normal,1.0225576000000005,-0.0572,0.4141,2023-04-27,Tottenham,Manchester United,away,2,2,D,10,2.8,3.6,2.4,0.0,2.05,1.81,1.65,2.25,0.0516,0.0403,2.4,False,1.65,True,1.81,0.0,-1.0,0.6499999999999999,0.0
Manchester United,2023-04-27 19:15:00,2022,2.150667471625212,Strong Long,Normal,0.8333914000000003,-0.0572,0.4141,2023-04-30,Manchester United,Aston Villa,home,1,0,H,2,1.73,3.9,4.6,-0.75,1.99,1.86,1.66,2.24,0.0518,0.0401,1.73,True,1.66,False,1.99,1.0,0.73,-1.0,0.99
Manchester United,2023-04-30 13:00:00,2022,2.136889640183531,Strong Long,Normal,0.8276860000000003,-0.0572,0.4141,2023-05-04,Brighton,Manchester United,away,1,0,H,3,1.95,3.5,3.75,-0.5,2.01,1.85,1.56,2.45,0.0652,0.0381,3.75,False,1.56,False,1.85,-0.5,-1.0,-1.0,-0.5
Manchester United,2023-05-04 19:00:00,2022,2.7051340255976823,Strong Long,Normal,1.0629960000000005,-0.0572,0.4141,2023-05-07,West Ham,Manchester United,away,1,0,H,2,3.4,3.75,2.05,0.25,2.06,1.8,1.67,2.23,0.0486,0.041,2.05,False,1.67,False,1.8,-1.0,-1.0,-1.0,-1.0
Manchester United,2023-05-07 18:00:00,2022,2.1296305240280136,Strong Long,Normal,0.8246800000000004,-0.0572,0.4141,2023-05-13,Manchester United,Wolverhampton Wanderers,home,2,0,H,5,1.36,5.0,7.5,-1.5,2.06,1.8,1.65,2.25,0.0686,0.041,1.36,True,1.65,False,2.06,0.5,0.3600000000000001,-1.0,0.53
Manchester United,2023-05-13 14:00:00,2022,2.015508331320937,Strong Long,Normal,0.7774220000000003,-0.0572,0.4141,2023-05-20,Bournemouth,Manchester United,away,0,1,A,6,6.0,4.75,1.5,1.0,2.09,1.79,1.55,2.46,0.0439,0.0371,1.5,True,1.55,False,1.79,0.0,0.5,-1.0,0.0
Manchester United,2023-05-20 14:00:00,2022,2.379067858005313,Strong Long,Normal,0.9279720000000002,-0.0572,0.4141,2023-05-25,Manchester United,Chelsea,home,4,1,H,4,1.6,4.33,5.0,-1.0,2.03,1.84,1.6,2.38,0.0559,0.0361,1.6,True,1.6,True,2.03,1.0,0.6000000000000001,0.6000000000000001,1.0299999999999998
Manchester United,2023-05-25 19:00:00,2022,2.676923448442406,Strong Long,Normal,1.0513140000000003,-0.0572,0.4141,2023-05-28,Manchester United,Fulham,home,2,1,H,2,1.5,4.33,6.0,-1.0,1.84,2.01,1.49,2.63,0.0643,0.041,1.5,True,1.49,True,1.84,0.0,0.5,0.49,0.0
Manchester United,2023-08-14 19:00:00,2023,2.01032768361582,Strong Long,Normal,0.8919700000000003,0.0024,0.4425,2023-08-19,Tottenham,Manchester United,away,2,0,H,4,2.8,3.6,2.38,0.25,1.81,2.05,1.57,2.44,0.0551,0.0403,2.38,False,1.57,False,2.05,-1.0,-1.0,-1.0,-1.0
Manchester United,2023-08-19 16:30:00,2023,2.618174011299436,Strong Long,Normal,1.1609420000000004,0.0024,0.4425,2023-08-26,Manchester United,Nottingham Forest,home,3,2,H,6,1.3,6.0,8.0,-1.5,1.88,1.98,1.52,2.56,0.0609,0.037,1.3,True,1.52,True,1.88,-0.5,0.30000000000000004,0.52,-0.5
Manchester United,2023-08-26 14:00:00,2023,2.3064000000000013,Strong Long,Normal,1.0229820000000005,0.0024,0.4425,2023-09-03,Arsenal,Manchester United,away,3,1,H,7,1.75,3.8,4.5,-0.75,1.97,1.89,1.55,2.47,0.0568,0.0367,4.5,False,1.55,True,1.89,-1.0,-1.0,0.55,-1.0
Manchester United,2023-09-03 15:30:00,2023,1.874218757062148,Strong Long,Normal,0.8317418000000003,0.0024,0.4425,2023-09-16,Manchester United,Brighton,home,1,3,A,12,2.15,4.0,2.88,-0.25,1.94,1.91,1.42,2.87,0.0623,0.039,2.15,False,1.42,True,1.94,-1.0,-1.0,0.41999999999999993,-1.0
Manchester United,2023-12-09 15:00:00,2023,1.978537401129944,Strong Long,Normal,0.8779028000000002,0.0024,0.4425,2023-12-17,Liverpool,Manchester United,away,0,0,D,7,1.3,6.0,8.0,-1.5,1.82,2.06,1.32,3.39,0.0609,0.0349,8.0,False,1.32,False,2.06,1.0,-1.0,-1.0,1.06
Manchester United,2023-12-23 12:30:00,2023,2.226592090395481,Strong Long,Normal,0.9876670000000004,0.0024,0.4425,2023-12-26,Manchester United,Aston Villa,home,3,2,H,2,2.6,3.5,2.6,0.0,1.96,1.93,1.63,2.33,0.0549,0.0283,2.6,True,1.63,True,1.96,1.0,1.6,0.6299999999999999,0.96
Newcastle United,2017-09-24 16:00:00,2017,1.7691504307488408,Strong Long,Normal,0.5591944000000002,-0.2417,0.4527,2017-10-01,Newcastle United,Liverpool,home,1,1,D,6,5.0,3.8,1.67,0.75,1.96,1.91,1.68,2.18,0.062,0.0338,5.0,False,1.68,False,1.96,1.0,-1.0,-1.0,0.96
Newcastle United,2021-04-04 13:05:00,2020,1.526941847826087,Strong Long,Normal,0.5363146000000001,-0.0256,0.368,2021-04-11,Burnley,Newcastle United,away,1,2,A,6,2.3,3.1,3.4,-0.25,1.99,1.89,2.39,1.59,0.0515,0.0316,3.4,True,2.39,True,1.89,1.0,2.4,1.3900000000000001,0.8899999999999999
Southampton,2017-08-12 15:00:00,2017,2.22495592948718,Strong Long,Normal,1.2032980000000002,0.0926,0.4992,2017-08-19,Southampton,West Ham,home,3,2,H,6,1.75,3.8,5.25,-0.75,1.91,1.96,1.84,1.98,0.0251,0.0338,1.75,True,1.84,True,1.91,1.0,0.75,0.8400000000000001,0.9099999999999999
Southampton,2017-08-26 15:00:00,2017,1.8884298878205128,Strong Long,Normal,1.0353042,0.0926,0.4992,2017-09-09,Southampton,Watford,home,0,2,A,13,1.65,4.0,6.0,-0.75,1.84,2.05,1.97,1.85,0.0227,0.0313,1.65,False,1.97,False,1.84,-1.0,-1.0,-1.0,-1.0
Southampton,2018-10-07 13:15:00,2018,1.5128900876601488,Strong Long,Normal,0.7616848000000003,0.0886,0.4449,2018-10-20,Bournemouth,Southampton,away,0,0,D,12,2.04,3.7,3.75,-0.25,1.76,2.14,1.79,2.03,0.0271,0.0355,3.75,False,1.79,False,2.14,1.0,-1.0,-1.0,1.1400000000000001
Southampton,2018-10-27 14:00:00,2018,1.7153908743537878,Strong Long,Normal,0.8517774000000002,0.0886,0.4449,2018-11-04,Manchester City,Southampton,away,6,1,H,7,1.11,11.0,29.0,-2.5,1.94,1.93,1.3,3.45,0.0263,0.0336,29.0,False,1.3,True,1.93,-1.0,-1.0,0.30000000000000004,-1.0
Southampton,2018-11-04 15:00:00,2018,1.9420454034614525,Strong Long,Normal,0.9526160000000002,0.0886,0.4449,2018-11-10,Southampton,Watford,home,1,1,D,5,2.5,3.3,3.1,-0.25,2.12,1.78,2.06,1.77,0.0256,0.0335,2.5,False,2.06,False,2.12,-1.0,-1.0,-1.0,-1.0
Southampton,2018-11-10 15:00:00,2018,1.7273827826477868,Strong Long,Normal,0.8571126000000003,0.0886,0.4449,2018-11-24,Fulham,Southampton,away,3,2,H,13,2.62,3.5,2.8,-0.25,2.23,1.69,1.89,1.91,0.0245,0.0401,2.8,False,1.89,True,1.69,-1.0,-1.0,0.8899999999999999,-1.0
Southampton,2021-10-02 14:00:00,2021,1.636124721603564,Strong Long,Normal,0.8158200000000002,0.0812,0.449,2021-10-16,Southampton,Leeds,home,1,0,H,13,2.3,3.5,3.0,-0.25,2.07,1.83,1.72,2.17,0.0538,0.0295,2.3,True,1.72,False,2.07,1.0,1.2999999999999998,-1.0,1.0699999999999998
Southampton,2022-04-02 14:00:00,2021,1.840213808463252,Strong Long,Normal,0.9074560000000002,0.0812,0.449,2022-04-09,Southampton,Chelsea,home,0,6,A,6,3.8,3.6,1.95,0.5,1.95,1.93,1.94,1.9,0.0538,0.031,3.8,False,1.94,True,1.95,-1.0,-1.0,0.94,-1.0
Southampton,2022-04-09 14:00:00,2021,1.6068489977728289,Strong Long,Normal,0.8026752000000001,0.0812,0.449,2022-04-16,Southampton,Arsenal,home,1,0,H,6,3.8,3.6,1.95,0.5,1.92,1.96,1.88,1.95,0.0538,0.031,3.8,True,1.88,False,1.92,1.0,2.8,-1.0,0.9199999999999999
Tottenham,2017-11-28 19:45:00,2017,2.4409106492393406,Strong Long,Normal,0.8181730000000002,-0.321,0.4667,2017-12-02,Watford,Tottenham,away,1,1,D,3,5.0,4.0,1.72,0.75,1.99,1.89,1.69,2.18,0.0314,0.0316,1.72,False,1.69,False,1.89,-1.0,-1.0,-1.0,-1.0
Tottenham,2017-12-02 15:00:00,2017,1.884551960574245,Strong Long,Normal,0.5585204,-0.321,0.4667,2017-12-09,Tottenham,Stoke,home,5,1,H,6,1.28,6.5,11.0,-1.75,2.0,1.86,1.51,2.54,0.026,0.0376,1.28,True,1.51,True,2.0,1.0,0.28,0.51,1.0
Tottenham,2018-02-10 12:30:00,2017,1.8497750160702804,Strong Long,Normal,0.5422899999999999,-0.321,0.4667,2018-02-25,Crystal Palace,Tottenham,away,0,1,A,14,7.5,4.5,1.5,1.25,1.81,2.07,1.73,2.11,0.0222,0.0356,1.5,True,1.73,False,2.07,-1.0,0.5,-1.0,-1.0
Tottenham,2018-02-25 00:00:00,2017,2.037081637025927,Strong Long,Normal,0.629706,-0.321,0.4667,2018-03-03,Tottenham,Huddersfield,home,2,0,H,6,1.19,7.5,17.0,-2.0,1.92,1.94,1.57,2.41,0.0325,0.0363,1.19,True,1.57,False,1.92,0.0,0.18999999999999995,-1.0,0.0
Tottenham,2018-03-03 15:00:00,2017,1.7505635311763446,Strong Long,Normal,0.495988,-0.321,0.4667,2018-03-11,Bournemouth,Tottenham,away,1,4,A,7,6.5,4.5,1.55,1.0,2.03,1.83,1.61,2.33,0.0212,0.0391,1.55,True,1.61,True,1.83,1.0,0.55,0.6100000000000001,0.8300000000000001
Tottenham,2018-10-29 19:00:00,2018,1.6839615220179562,Strong Long,Normal,0.5331572,-0.2546,0.4678,2018-11-03,Wolverhampton Wanderers,Tottenham,away,2,3,A,4,3.1,3.4,2.45,0.25,1.81,2.08,1.95,1.86,0.0249,0.0333,2.45,True,1.95,True,2.08,1.0,1.4500000000000002,0.95,1.08
Tottenham,2019-04-03 19:45:00,2018,1.562269773407439,Strong Long,Normal,0.4762298,-0.2546,0.4678,2019-04-13,Tottenham,Huddersfield,home,4,0,H,9,1.22,7.0,15.0,-2.0,2.05,1.81,1.47,2.66,0.0292,0.0403,1.22,True,1.47,True,2.05,1.0,0.21999999999999997,0.47,1.0499999999999998
Tottenham,2020-01-18 12:30:00,2019,1.547726366174711,Strong Long,Normal,0.5598299999999999,-0.2162,0.5014,2020-01-22,Tottenham,Norwich,home,2,1,H,3,1.4,5.0,7.5,-1.25,1.91,1.95,1.54,2.49,0.0476,0.0364,1.4,True,1.54,True,1.91,-1.0,0.3999999999999999,0.54,-1.0
Tottenham,2020-01-22 19:30:00,2019,2.0249381731152774,Strong Long,Normal,0.7991039999999999,-0.2162,0.5014,2020-02-02,Tottenham,Manchester City,home,2,0,H,10,5.5,4.6,1.53,1.0,1.96,1.9,1.49,2.61,0.0528,0.0365,5.5,True,1.49,False,1.96,1.0,4.5,-1.0,0.96
Tottenham,2021-01-13 20:00:00,2020,1.5762374637380852,Strong Long,Normal,0.5084921999999998,-0.2522,0.4826,2021-01-17,Sheffield United,Tottenham,away,1,3,A,3,6.25,3.75,1.6,0.75,2.03,1.84,2.04,1.79,0.0517,0.0361,1.6,True,2.04,True,1.84,1.0,0.6000000000000001,1.04,0.8400000000000001
Tottenham,2021-12-02 19:30:00,2021,1.8878713347921223,Strong Long,Normal,0.6043571999999998,-0.2584,0.457,2021-12-05,Tottenham,Norwich,home,3,0,H,2,1.36,5.0,8.5,-1.25,1.95,1.93,1.84,2.0,0.0529,0.031,1.36,True,1.84,True,1.95,1.0,0.3600000000000001,0.8400000000000001,0.95
Tottenham,2022-01-19 19:30:00,2021,2.584266958424508,Strong Long,Normal,0.92261,-0.2584,0.457,2022-01-23,Chelsea,Tottenham,away,2,0,H,3,1.61,4.2,5.0,-0.75,1.89,1.98,1.91,1.92,0.0592,0.0342,5.0,False,1.91,False,1.98,-1.0,-1.0,-1.0,-1.0
Tottenham,2022-02-09 19:45:00,2021,2.34462932166302,Strong Long,Normal,0.8130955999999999,-0.2584,0.457,2022-02-13,Tottenham,Wolverhampton Wanderers,home,0,2,A,3,1.7,3.6,5.5,-0.75,1.88,2.0,2.18,1.71,0.0478,0.0319,1.7,False,2.18,False,1.88,-1.0,-1.0,-1.0,-1.0
Tottenham,2022-02-13 14:00:00,2021,1.9196958424507653,Strong Long,Normal,0.6189009999999999,-0.2584,0.457,2022-02-19,Manchester City,Tottenham,away,2,3,A,5,1.28,6.0,10.0,-1.5,1.86,2.02,1.6,2.36,0.0479,0.0327,10.0,True,1.6,True,2.02,1.0,9.0,0.6000000000000001,1.02
Tottenham,2024-04-13 11:30:00,2023,1.591326750448833,Strong Long,Normal,0.4724952,-0.2366,0.4456,2024-04-28,Tottenham,Arsenal,home,2,3,A,14,4.2,4.2,1.75,0.75,1.86,1.98,1.48,2.63,0.0476,0.0427,4.2,False,1.48,True,1.86,-1.0,-1.0,0.48,-1.0
Tottenham,2024-05-11 14:00:00,2023,1.7819775583482944,Strong Long,Normal,0.5574492,-0.2366,0.4456,2024-05-14,Tottenham,Manchester City,home,0,2,A,2,6.5,6.0,1.36,1.5,1.93,1.94,1.27,3.79,0.0558,0.0336,6.5,False,1.27,False,1.93,-0.5,-1.0,-1.0,-0.5
Tottenham,2024-05-14 19:00:00,2023,2.278052064631957,Strong Long,Normal,0.7785,-0.2366,0.4456,2024-05-19,Sheffield United,Tottenham,away,0,3,A,4,7.0,6.0,1.33,1.5,2.0,1.85,1.22,4.14,0.0614,0.0405,1.33,True,1.22,True,1.85,1.0,0.33000000000000007,0.21999999999999997,0.8500000000000001
West Ham,2017-08-13 16:00:00,2017,1.5842621359223303,Strong Long,Normal,0.6402160000000001,-0.0125,0.412,2017-08-19,Southampton,West Ham,away,3,2,H,5,1.75,3.8,5.25,-0.75,1.91,1.96,1.84,1.98,0.0251,0.0338,5.25,False,1.84,True,1.96,-1.0,-1.0,0.8400000000000001,-1.0
West Ham,2019-09-16 19:00:00,2019,1.689546158098397,Strong Long,Normal,0.4816778000000001,-0.1296,0.3618,2019-09-22,West Ham,Manchester United,home,2,0,H,5,3.1,3.6,2.2,0.25,1.96,1.93,1.69,2.2,0.0549,0.0283,3.1,True,1.69,False,1.96,1.0,2.1,-1.0,0.96
West Ham,2020-07-08 17:00:00,2019,1.6887451630735215,Strong Long,Normal,0.4813880000000001,-0.1296,0.3618,2020-07-11,Norwich,West Ham,away,0,4,A,2,3.75,3.75,1.95,0.5,1.88,2.0,1.83,2.01,0.0462,0.0319,1.95,True,1.83,True,2.0,1.0,0.95,0.8300000000000001,1.0
West Ham,2021-01-26 18:00:00,2020,1.737268491555038,Strong Long,Normal,0.4963780000000001,-0.1002,0.3434,2021-01-31,West Ham,Liverpool,home,1,3,A,4,4.33,4.0,1.75,0.75,1.88,1.99,1.65,2.27,0.0524,0.0344,4.33,False,1.65,True,1.88,-1.0,-1.0,0.6499999999999999,-1.0
West Ham,2021-05-15 19:00:00,2020,1.9109627256843331,Strong Long,Normal,0.5560246000000001,-0.1002,0.3434,2021-05-19,West Bromwich Albion,West Ham,away,1,3,A,3,5.0,4.33,1.6,1.0,1.84,2.04,1.62,2.33,0.0559,0.0337,1.6,True,1.62,True,2.04,1.0,0.6000000000000001,0.6200000000000001,1.04
West Ham,2021-05-19 19:15:00,2020,2.2036243447874204,Strong Long,Normal,0.6565246000000002,-0.1002,0.3434,2021-05-23,West Ham,Southampton,home,3,0,H,3,1.65,4.0,5.0,-0.75,1.92,1.96,1.63,2.31,0.0561,0.031,1.65,True,1.63,True,1.92,1.0,0.6499999999999999,0.6299999999999999,0.9199999999999999
West Ham,2021-10-17 13:00:00,2021,1.854870365047428,Strong Long,Normal,0.5570094,-0.0883,0.3479,2021-10-24,West Ham,Tottenham,home,1,0,H,6,2.3,3.5,3.0,-0.25,2.04,1.86,1.78,2.08,0.0538,0.0278,2.3,True,1.78,False,2.04,1.0,1.2999999999999998,-1.0,1.04
West Ham,2021-10-24 13:00:00,2021,1.860201207243461,Strong Long,Normal,0.558864,-0.0883,0.3479,2021-10-31,Aston Villa,West Ham,away,1,4,A,6,2.8,3.5,2.45,0.0,2.06,1.83,1.81,2.03,0.051,0.0319,2.45,True,1.81,True,1.83,1.0,1.4500000000000002,0.81,0.8300000000000001
West Ham,2022-08-31 18:45:00,2022,2.033140088105727,Strong Long,Normal,0.5916842000000001,-0.1006,0.3405,2022-09-03,Chelsea,West Ham,away,2,1,H,2,1.55,4.5,5.5,-1.0,1.9,1.97,1.74,2.12,0.0492,0.0339,5.5,False,1.74,True,1.97,0.0,-1.0,0.74,0.0
West Ham,2022-09-03 14:00:00,2022,2.134997356828194,Strong Long,Normal,0.6263666000000001,-0.1006,0.3405,2022-09-18,Everton,West Ham,away,1,0,H,14,2.9,3.25,2.5,0.25,1.76,2.13,2.03,1.8,0.0525,0.0377,2.5,False,2.03,False,2.13,-1.0,-1.0,-1.0,-1.0
West Ham,2022-10-19 18:30:00,2022,2.248582085168869,Strong Long,Normal,0.6650422,-0.1006,0.3405,2022-10-24,West Ham,Bournemouth,home,2,0,H,4,1.55,4.0,6.0,-1.0,1.97,1.89,1.93,1.89,0.0618,0.0367,1.55,True,1.93,False,1.97,1.0,0.55,-1.0,0.97
West Ham,2022-10-24 19:00:00,2022,1.8502261380323053,Strong Long,Normal,0.529402,-0.1006,0.3405,2022-10-30,Manchester United,West Ham,away,1,0,H,5,1.66,4.0,4.8,-0.75,1.9,1.97,1.81,2.01,0.0607,0.0339,4.8,False,1.81,False,1.97,-1.0,-1.0,-1.0,-1.0
West Ham,2022-10-30 16:15:00,2022,3.002055800293685,Strong Long,Normal,0.9216,-0.1006,0.3405,2022-11-06,West Ham,Crystal Palace,home,1,2,A,6,1.9,3.4,4.2,-0.5,1.94,1.93,2.1,1.75,0.0585,0.0336,1.9,False,2.1,True,1.94,-1.0,-1.0,1.1,-1.0
West Ham,2022-11-06 14:00:00,2022,2.271259324522761,Strong Long,Normal,0.6727638,-0.1006,0.3405,2022-11-12,West Ham,Leicester,home,0,2,A,5,2.05,3.4,3.75,-0.25,1.8,2.07,1.93,1.89,0.0486,0.0386,2.05,False,1.93,False,1.8,-1.0,-1.0,-1.0,-1.0
West Ham,2022-12-30 19:45:00,2022,1.5171453744493393,Strong Long,Normal,0.4159880000000001,-0.1006,0.3405,2023-01-04,Leeds,West Ham,away,2,2,D,4,2.6,3.5,2.6,0.0,1.92,1.94,1.79,2.04,0.0549,0.0363,2.6,False,1.79,True,1.94,0.0,-1.0,0.79,0.0
West Ham,2024-02-04 14:00:00,2023,1.5795602512849805,Strong Long,Normal,0.4995620000000002,-0.0536,0.3502,2024-02-11,West Ham,Arsenal,home,0,6,A,6,6.0,4.33,1.53,1.0,1.94,1.91,1.67,2.22,0.0512,0.039,6.0,False,1.67,True,1.94,-1.0,-1.0,0.6699999999999999,-1.0
West Ham,2024-02-11 14:00:00,2023,1.918769274700172,Strong Long,Normal,0.6183530000000002,-0.0536,0.3502,2024-02-17,Nottingham Forest,West Ham,away,2,0,H,5,2.38,3.5,2.9,-0.25,2.08,1.79,1.85,1.99,0.0507,0.0394,2.9,False,1.85,False,1.79,-1.0,-1.0,-1.0,-1.0
West Ham,2024-02-17 15:00:00,2023,1.6543009708737868,Strong Long,Normal,0.5257362000000002,-0.0536,0.3502,2024-02-26,West Ham,Brentford,home,4,2,H,8,2.5,3.5,2.75,0.0,1.86,2.0,1.72,2.12,0.0494,0.0376,2.5,True,1.72,True,1.86,1.0,1.5,0.72,0.8600000000000001
Wolverhampton Wanderers,2021-08-22 13:00:00,2021,2.277779128672746,Strong Long,Normal,0.7794504,0.105,0.2961,2021-08-29,Wolverhampton Wanderers,Manchester United,home,0,1,A,6,5.0,3.5,1.75,0.75,1.81,2.07,2.01,1.83,0.0571,0.0356,5.0,False,2.01,False,1.81,-1.0,-1.0,-1.0,-1.0
Wolverhampton Wanderers,2021-08-29 15:30:00,2021,2.753084768659237,Strong Long,Normal,0.9201884,0.105,0.2961,2021-09-11,Watford,Wolverhampton Wanderers,away,0,2,A,12,3.4,3.2,2.25,0.25,1.89,1.99,2.3,1.64,0.0511,0.0316,2.25,True,2.3,False,1.99,1.0,1.25,-1.0,0.99
Wolverhampton Wanderers,2021-09-11 14:00:00,2021,2.951459642012834,Strong Long,Normal,0.9789272,0.105,0.2961,2021-09-18,Wolverhampton Wanderers,Brentford,home,0,2,A,6,1.83,3.25,5.0,-0.5,1.9,1.99,2.49,1.56,0.0541,0.0288,1.83,False,2.49,False,1.9,-1.0,-1.0,-1.0,-1.0
Wolverhampton Wanderers,2021-09-18 11:30:00,2021,3.844336372847012,Strong Long,Normal,1.243308,0.105,0.2961,2021-09-26,Southampton,Wolverhampton Wanderers,away,0,1,A,7,2.62,3.2,2.8,0.0,1.88,2.01,2.12,1.75,0.0513,0.0294,2.8,True,2.12,False,2.01,1.0,1.7999999999999998,-1.0,1.0099999999999998
Wolverhampton Wanderers,2021-09-26 13:00:00,2021,2.887019925700777,Strong Long,Normal,0.9598466,0.105,0.2961,2021-10-02,Wolverhampton Wanderers,Newcastle United,home,2,1,H,5,1.61,4.2,5.25,-0.75,1.9,1.99,1.93,1.91,0.0497,0.0288,1.61,True,1.93,True,1.9,1.0,0.6100000000000001,0.9299999999999999,0.8999999999999999
Wolverhampton Wanderers,2022-08-31 18:30:00,2022,1.734024291497976,Strong Long,Normal,0.6855256000000001,0.0859,0.3458,2022-09-03,Wolverhampton Wanderers,Southampton,home,1,0,H,2,2.2,3.4,3.25,-0.25,1.91,1.96,2.02,1.81,0.0564,0.0338,2.2,True,2.02,False,1.91,1.0,1.2000000000000002,-1.0,0.9099999999999999
Wolverhampton Wanderers,2022-09-03 14:00:00,2022,1.733561596298439,Strong Long,Normal,0.6853656000000001,0.0859,0.3458,2022-09-17,Wolverhampton Wanderers,Manchester City,home,0,3,A,13,9.5,5.0,1.33,1.5,1.92,1.95,1.58,2.39,0.0571,0.0337,9.5,False,1.58,True,1.92,-1.0,-1.0,0.5800000000000001,-1.0
Wolverhampton Wanderers,2022-10-08 14:00:00,2022,1.6418635049161368,Strong Long,Normal,0.6536564,0.0859,0.3458,2022-10-15,Wolverhampton Wanderers,Nottingham Forest,home,1,0,H,6,1.7,3.75,5.0,-0.75,1.93,1.94,2.02,1.82,0.0549,0.0336,1.7,True,2.02,False,1.93,1.0,0.7,-1.0,0.9299999999999999
Wolverhampton Wanderers,2022-10-23 13:00:00,2022,1.5004650086755351,Strong Long,Normal,0.6047608,0.0859,0.3458,2022-10-29,Brentford,Wolverhampton Wanderers,away,1,1,D,5,2.2,3.4,3.3,-0.25,1.88,1.98,1.96,1.86,0.0517,0.037,3.3,False,1.96,False,1.98,1.0,-1.0,-1.0,0.98
Wolverhampton Wanderers,2023-08-19 14:00:00,2023,2.2815487089201887,Strong Long,Normal,0.8713518000000002,0.0938,0.3408,2023-08-26,Everton,Wolverhampton Wanderers,away,0,1,A,6,2.3,3.3,3.2,-0.25,1.98,1.87,2.12,1.74,0.0503,0.0398,3.2,True,2.12,False,1.87,1.0,2.2,-1.0,0.8700000000000001
Wolverhampton Wanderers,2023-08-26 14:00:00,2023,2.359888497652583,Strong Long,Normal,0.8980500000000002,0.0938,0.3408,2023-09-03,Crystal Palace,Wolverhampton Wanderers,away,3,2,H,7,1.91,3.3,4.33,-0.5,1.95,1.91,2.23,1.68,0.0575,0.0364,4.33,False,2.23,True,1.91,-0.5,-1.0,1.23,-0.5
Wolverhampton Wanderers,2023-09-03 13:00:00,2023,1.6846244131455406,Strong Long,Normal,0.6679200000000002,0.0938,0.3408,2023-09-16,Wolverhampton Wanderers,Liverpool,home,1,3,A,12,6.0,5.0,1.45,1.25,1.9,1.96,1.48,2.66,0.0563,0.0365,6.0,False,1.48,True,1.9,-1.0,-1.0,0.48,-1.0
