team,season,kalman_strength,kalman_variance,kalman_upper,kalman_lower
Arsenal,2015,1.805948752253053,0.22729437496107507,2.7403865890567998,0.8715109154493061
Arsenal,2016,2.3856811278434975,0.22729437486218415,3.3201189644439673,1.4512432912430275
Arsenal,2017,1.9576570562326756,0.22729437486218415,2.8920948928331454,1.0232192196322056
Arsenal,2018,1.8764692406108119,0.22729437486218415,2.810907077211282,0.9420314040103419
Arsenal,2019,1.3302984324450997,0.22729437486218415,2.26473626904557,0.39586059584462974
Arsenal,2020,1.2367905245887771,0.22729437486218415,2.171228361189247,0.30235268798830717
Arsenal,2021,2.052048229084315,0.22729437486218415,2.986486065684785,1.1176103924838452
Arsenal,2022,1.7772477545311294,0.22729437486218415,2.7116855911315993,0.8428099179306594
Arsenal,2023,2.607808265230654,0.22729437486218415,3.5422461018311235,1.6733704286301838
Arsenal,2024,1.9086490772321865,0.22729437486218415,2.843086913832656,0.9742112406317165
Aston Villa,2015,0.3642078850863016,0.23136760744886856,1.3069813471521223,-0.578565576979519
Aston Villa,2019,0.9932879900422014,0.23136760744886847,1.9360614521080217,0.050514527976380896
Aston Villa,2020,1.1641098733841977,0.23136760744886847,2.1068833354500183,0.22133641131837722
Aston Villa,2021,0.8190554960233534,0.23136760744886847,1.7618289580891737,-0.1237179660424671
Aston Villa,2022,1.8652135838177415,0.23136760744886847,2.807987045883562,0.922440121751921
Aston Villa,2023,1.1845541320112432,0.23136760744886847,2.1273275940770637,0.2417806699454227
Aston Villa,2024,1.1439849985944295,0.23136760744886847,2.08675846066025,0.20121153652860901
Bournemouth,2015,0.7876685864523483,0.1970669586304321,1.6577561844990436,-0.08241901159434717
Bournemouth,2016,1.2935654217708288,0.19706695863043128,2.1636530198175223,0.4234778237241351
Bournemouth,2017,1.3618379178183504,0.19706695863043128,2.231925515865044,0.49175031977165673
Bournemouth,2018,2.1455633881079854,0.19706695863043128,3.015650986154679,1.2754757900612916
Bournemouth,2019,1.3268203285129823,0.19706695863043128,2.196907926559676,0.4567327304662886
Bournemouth,2022,0.7770542384858224,0.19706695863043128,1.6471418365325161,-0.09303335956087122
Bournemouth,2023,1.6157952318169069,0.19706695863043128,2.4858828298636007,0.7457076337702132
Bournemouth,2024,1.68173489770424,0.19706695863043128,2.5518224957509337,0.8116472996575462
Brentford,2021,1.6549865131219184,0.14241667796651375,2.3946539451994426,0.915319081044394
Brentford,2022,1.6008890825158433,0.14241610865957077,2.3405550361912892,0.8612231288403972
Brentford,2023,1.6089672651648959,0.14241610865853166,2.3486332188376435,0.8693013114921483
Brentford,2024,1.9452579397603007,0.14241610865853166,2.6849238934330484,1.205591986087553
Brighton,2017,0.6169980032717828,0.22695732860315804,1.5507427615231433,-0.3167467549795778
Brighton,2018,0.9166817293850215,0.22695732860315787,1.8504264876363816,-0.017063028866338814
Brighton,2019,1.037662641454075,0.22695732860315787,1.9714073997054353,0.10391788320271478
Brighton,2020,0.7947779012588596,0.22695732860315787,1.7285226595102199,-0.13896685699250066
Brighton,2021,2.0102331517952585,0.22695732860315787,2.943977910046619,1.0764883935438982
Brighton,2022,1.7571012632103953,0.22695732860315787,2.6908460214617556,0.823356504959035
Brighton,2023,1.7212427368772796,0.22695732860315787,2.6549874951286396,0.7874979786259193
Brighton,2024,2.2086613417528005,0.22695732860315787,3.1424061000041608,1.2749165835014402
Burnley,2016,1.123143936635265,0.08814984301508387,1.7050687057650435,0.5412191675054863
Burnley,2017,1.052650587536333,0.08814983647731507,1.634575335086438,0.47072583998622786
Burnley,2018,1.1503837986868855,0.08814983647731489,1.73230854623699,0.568459051136781
Burnley,2019,1.2981818250123391,0.08814983647731489,1.8801065725624437,0.7162570774622347
Burnley,2020,1.1858038434370142,0.08814983647731489,1.7677285909871188,0.6038790958869097
Burnley,2021,1.3468971533176395,0.08814983647731489,1.928821900867744,0.764972405767535
Burnley,2023,1.356428295278376,0.08814983647731489,1.9383530428284805,0.7745035477282715
Chelsea,2015,1.436446114488165,0.18881202962122007,2.2881152362677906,0.5847769927085393
Chelsea,2016,2.1297875018477277,0.18881202938106306,2.9814566230857187,1.2781183806097367
Chelsea,2017,1.4100718136307657,0.18881202938106306,2.2617409348687567,0.5584026923927746
Chelsea,2018,1.7681296913913165,0.18881202938106306,2.6197988126293077,0.9164605701533254
Chelsea,2019,2.045619739290498,0.18881202938106306,2.897288860528489,1.193950618052507
Chelsea,2020,2.312217708230248,0.18881202938106306,3.163886829468239,1.4605485869922572
Chelsea,2021,1.931460360195335,0.18881202938106306,2.7831294814333263,1.0797912389573439
Chelsea,2022,1.4988054738538084,0.18881202938106306,2.3504745950917996,0.6471363526158173
Chelsea,2023,2.148317649124427,0.18881202938106306,2.999986770362418,1.2966485278864361
Chelsea,2024,1.470101750457395,0.18881202938106306,2.321770871695386,0.6184326292194039
Crystal Palace,2015,1.07041277208197,0.17199257297024748,1.8832637229471962,0.25756182121674376
Crystal Palace,2016,1.0374895103933515,0.17199257296927914,1.8503404612562897,0.22463855953041334
Crystal Palace,2017,1.849283002645202,0.17199257296927914,2.6621339535081403,1.0364320517822638
Crystal Palace,2018,1.7772947384579043,0.17199257296927914,2.5901456893208423,0.9644437875949662
Crystal Palace,2019,0.7953650379354907,0.17199257296927914,1.6082159887984289,-0.01748591292744739
Crystal Palace,2020,1.126493604116482,0.17199257296927914,1.93934455497942,0.3136426532535438
Crystal Palace,2021,1.1651549347312515,0.17199257296927914,1.9780058855941896,0.3523039838683134
Crystal Palace,2022,1.2335756908607431,0.17199257296927914,2.046426641723681,0.420724739997805
Crystal Palace,2023,2.0707533434346024,0.17199257296927914,2.8836042942975406,1.2579023925716641
Crystal Palace,2024,2.0148082647861774,0.17199257296927914,2.8276592156491156,1.2019573139232391
Everton,2015,1.325231456933359,0.09584373967296018,1.9320208028579917,0.7184421110087261
Everton,2016,1.2372237059949005,0.09584342416461902,1.8440120531727286,0.6304353588170725
Everton,2017,1.2007716666968236,0.09584342416414543,1.8075600138731525,0.5939833195204947
Everton,2018,1.6255581588770522,0.09584342416414543,2.232346506053381,1.0187698117007233
Everton,2019,1.085565985071463,0.09584342416414543,1.6923543322477919,0.47877763789513406
Everton,2020,1.1411893947999534,0.09584342416414543,1.7479777419762823,0.5344010476236245
Everton,2021,1.197723720285541,0.09584342416414543,1.80451206746187,0.5909353731092122
Everton,2022,1.6828828768509845,0.09584342416414543,2.2896712240273134,1.0760945296746556
Everton,2023,1.29731818801296,0.09584342416414543,1.904106535189289,0.6905298408366312
Everton,2024,1.3378523016137451,0.09584342416414543,1.944640648790074,0.7310639544374162
Fulham,2018,1.0137812144992715,0.1189394674740948,1.6897382088772295,0.33782422012131363
Fulham,2020,0.8908258143512264,0.11893946639195777,1.5667828056541828,0.21486882304827015
Fulham,2022,1.4039376286686625,0.11893946639195777,2.079894619971619,0.7279806373657062
Fulham,2023,1.2095673858677742,0.11893946639195777,1.8855243771707304,0.533610394564818
Fulham,2024,1.4811638163248113,0.11893946639195777,2.1571208076277677,0.805206825021855
Leicester,2015,2.2417770845062384,0.17370400626751667,3.0586622113614723,1.4248919576510042
Leicester,2016,1.3518711467086622,0.17370400613106252,2.168756273243042,0.5349860201742823
Leicester,2017,1.306020484137366,0.17370400613106252,2.122905610671746,0.4891353576029861
Leicester,2018,1.338451421355705,0.17370400613106252,2.155336547890085,0.5215662948213252
Leicester,2019,1.4772069869229851,0.17370400613106252,2.294092113457365,0.6603218603886053
Leicester,2020,1.5841115985994538,0.17370400613106252,2.4009967251338336,0.767226472065074
Leicester,2021,1.7141514077961857,0.17370400613106252,2.5310365343305654,0.8972662812618059
Leicester,2022,1.5728014230308454,0.17370400613106252,2.389686549565225,0.7559162964964655
Leicester,2024,0.7836633336474343,0.17370400613106252,1.6005484601818143,-0.03322179288694549
Liverpool,2015,1.3723641512594624,0.2747604464261937,2.3997490504043086,0.3449792521146162
Liverpool,2016,1.8834285223381653,0.2747604464235839,2.910813421478132,0.8560436231981985
Liverpool,2017,2.0613271701385107,0.2747604464235839,3.0887120692784773,1.033942270998544
Liverpool,2018,2.0365893836912226,0.2747604464235839,3.0639742828311896,1.0092044845512558
Liverpool,2019,1.456252082303191,0.2747604464235839,2.4836369814431576,0.42886718316322425
Liverpool,2020,2.3433048663650236,0.2747604464235839,3.3706897655049906,1.3159199672250568
Liverpool,2021,2.0989804554948264,0.2747604464235839,3.1263653546347934,1.0715955563548596
Liverpool,2022,2.3738050870406373,0.2747604464235839,3.4011899861806043,1.3464201879006705
Liverpool,2023,3.343855490354008,0.2747604464235839,4.371240389493975,2.316470591214041
Liverpool,2024,2.394314355643158,0.2747604464235839,3.4216992547831246,1.3669294565031913
Manchester City,2015,1.511960307542465,0.25110312326800815,2.494120049308732,0.5298005657761982
Manchester City,2016,2.5981556777542067,0.2511031230480574,3.580315419090318,1.6159959364180954
Manchester City,2017,1.7417324524013436,0.2511031230480574,2.7238921937374547,0.7595727110652323
Manchester City,2018,2.0065131380912224,0.2511031230480574,2.988672879427334,1.024353396755111
Manchester City,2019,3.1254731246681815,0.2511031230480574,4.107632866004293,2.14331338333207
Manchester City,2020,1.9637328484172185,0.2511031230480574,2.94589258975333,0.9815731070811072
Manchester City,2021,2.9233824926542473,0.2511031230480574,3.9055422339903587,1.941222751318136
Manchester City,2022,1.7476867513352303,0.2511031230480574,2.7298464926713417,0.765527009999119
Manchester City,2023,2.710637910878038,0.2511031230480574,3.6927976522141495,1.7284781695419267
Manchester City,2024,1.850580695512603,0.2511031230480574,2.8327404368487143,0.8684209541764917
Manchester United,2015,1.1707847468562345,0.15124863248660922,1.9330424110096085,0.4085270827028604
Manchester United,2016,1.1130362212636933,0.15124862006420295,1.8752938541140585,0.3507785884133281
Manchester United,2017,0.9709575430059854,0.15124862006420253,1.7332151758563494,0.20869991015562128
Manchester United,2018,1.6019418421065894,0.15124862006420253,2.3641994749569535,0.8396842092562253
Manchester United,2019,1.6975335212444298,0.15124862006420253,2.459791154094794,0.9352758883940657
Manchester United,2020,1.5284109488306827,0.15124862006420253,2.2906685816810466,0.7661533159803187
Manchester United,2021,1.152613118307283,0.15124862006420253,1.914870751157647,0.3903554854569189
Manchester United,2022,2.592684881488321,0.15124862006420253,3.3549425143386853,1.8304272486379571
Manchester United,2023,1.4215033394325827,0.15124862006420253,2.183760972282947,0.6592457065822186
Manchester United,2024,1.6165356702683185,0.15124862006420253,2.3787933031186825,0.8542780374179544
Newcastle United,2015,1.4696686851038745,0.34548065129144634,2.621709686978903,0.3176276832288456
Newcastle United,2017,1.4526372813644755,0.34548065129144634,2.6046782832395046,0.30059627948944656
Newcastle United,2018,1.4048769586131147,0.34548065129144634,2.5569179604881436,0.2528359567380858
Newcastle United,2019,0.7599283829355108,0.34548065129144634,1.9119693848105397,-0.3921126189395181
Newcastle United,2020,1.766232578489815,0.34548065129144634,2.918273580364844,0.6141915766147861
Newcastle United,2021,1.4640985221215854,0.34548065129144634,2.6161395239966145,0.31205752024655653
Newcastle United,2022,2.1863126454601622,0.34548065129144634,3.3383536473351914,1.0342716435851333
Newcastle United,2023,3.0297487488615795,0.34548065129144634,4.181789750736608,1.8777077469865506
Newcastle United,2024,1.7304750172298748,0.34548065129144634,2.8825160191049037,0.578434015354846
Southampton,2015,1.9677885345190076,0.10954797020567619,2.6165099557331724,1.3190671133048428
Southampton,2016,1.3049796555770308,0.1095479679989693,1.9537010702573543,0.6562582408967071
Southampton,2017,1.006530512959554,0.1095479679989693,1.6552519276398776,0.35780909827923046
Southampton,2018,1.452338064179416,0.1095479679989693,2.1010594788597396,0.8036166494990923
Southampton,2019,1.7477134718816139,0.1095479679989693,2.3964348865619374,1.0989920572012903
Southampton,2020,1.4728451338183566,0.1095479679989693,2.1215665484986803,0.824123719138033
Southampton,2021,0.9249229697047936,0.1095479679989693,1.5736443843851173,0.27620155502446997
Southampton,2022,1.1309362886010947,0.1095479679989693,1.7796577032814183,0.4822148739207711
Southampton,2024,0.6902473551517175,0.1095479679989693,1.3389687698320412,0.04152594047139391
Tottenham,2015,1.783736722316571,0.1535969892897845,2.551889177273031,1.0155842673601112
Tottenham,2016,2.387082882644645,0.15359696583179042,3.155235278943326,1.6189304863459637
Tottenham,2017,1.4687077142850755,0.1535969658317888,2.236860110583753,0.7005553179863984
Tottenham,2018,1.2741522801276328,0.1535969658317888,2.04230467642631,0.5059998838289557
Tottenham,2019,1.0337010885446158,0.1535969658317888,1.801853484843293,0.2655486922459387
Tottenham,2020,1.6761476404018059,0.1535969658317888,2.444300036700483,0.9079952441031287
Tottenham,2021,2.3182775135805316,0.1535969658317888,3.0864299098792087,1.5501251172818544
Tottenham,2022,1.5642053887119862,0.1535969658317888,2.3323577850106636,0.7960529924133091
Tottenham,2023,2.149665302102674,0.1535969658317888,2.9178176984013513,1.381512905803997
Tottenham,2024,1.2845117284334944,0.1535969658317888,2.0526641247321713,0.5163593321348172
Watford,2015,1.2803394507287587,0.09468044706499688,1.8834351358773858,0.6772437655801316
Watford,2016,0.9242889534365337,0.09468043317675791,1.5273845943524942,0.32119331252057326
Watford,2017,1.1835446698978573,0.09468043317675699,1.786640310813815,0.5804490289818998
Watford,2018,1.3490539190385324,0.09468043317675699,1.95214955995449,0.7459582781225749
Watford,2019,1.586560312160512,0.09468043317675699,2.1896559530764694,0.9834646712445545
Watford,2021,0.9649588060082539,0.09468043317675699,1.5680544469242115,0.3618631650922963
West Ham,2015,2.0996935536650287,0.11753077114098248,2.771635672016899,1.4277514353131588
West Ham,2016,1.302365112144952,0.11753072906720766,1.9743071102255787,0.6304231140643253
West Ham,2017,0.8928198877190385,0.11753072906720095,1.564761885799646,0.22087788963843102
West Ham,2018,1.6089617830790919,0.11753072906720095,2.2809037811596995,0.9370197849984844
West Ham,2019,1.4981642413756693,0.11753072906720095,2.1701062394562767,0.8262222432950618
West Ham,2020,1.9548610672967126,0.11753072906720095,2.6268030653773202,1.282919069216105
West Ham,2021,1.1863380586715242,0.11753072906720095,1.8582800567521316,0.5143960605909167
West Ham,2022,1.3655878107039212,0.11753072906720095,2.037529808784529,0.6936458126233137
West Ham,2023,1.3968620472193665,0.11753072906720095,2.068804045299974,0.724920049138759
West Ham,2024,1.1993893051473568,0.11753072906720095,1.8713313032279641,0.5274473070667492
Wolverhampton Wanderers,2018,1.5423435723762369,0.11190436166823078,2.1980049146747405,0.8866822300777334
Wolverhampton Wanderers,2019,1.0863446305209403,0.11190436165536186,1.7420059727817434,0.43068328826013713
Wolverhampton Wanderers,2020,0.7802834152441008,0.11190436165536186,1.435944757504904,0.12462207298329764
Wolverhampton Wanderers,2021,0.9529861884730184,0.11190436165536186,1.6086475307338217,0.2973248462122152
Wolverhampton Wanderers,2022,0.721623293917412,0.11190436165536186,1.3772846361782152,0.06596195165660879
Wolverhampton Wanderers,2023,0.9032996769145061,0.11190436165536186,1.5589610191753094,0.24763833465370289
Wolverhampton Wanderers,2024,1.219125595759768,0.11190436165536186,1.8747869380205713,0.5634642534989648
