theta,mu,sigma,sigma_eq,half_life,r_squared,n_obs,adf_pval,beta_pval,team,season
0.15269397196978524,0.02819839960406684,0.2862458531780525,0.5179803202203107,4.539453467731548,0.08534228552281045,36,0.01932155925454771,0.08858786876783373,Arsenal,2015
0.33258021805937343,-0.37326563770966376,0.21649086145902213,0.2654461091214542,2.0841503580835408,0.16267959243054475,38,0.007500150822334898,0.013310414988539555,Arsenal,2016
0.21684666505195707,-0.05750907176384173,0.29892933520369086,0.45391774899073983,3.196485315528672,0.10355654187697699,38,0.672849918811386,0.052103713865286,Arsenal,2017
0.15399987564833437,-0.19121898298972978,0.28626850262479614,0.5158202450657634,4.500959352348946,0.07219939444293516,38,0.850390057292524,0.10782038666577255,Arsenal,2018
0.34177192101636805,-0.13541368808517892,0.20213229998327095,0.2444851752496372,2.028098676154116,0.1908217258343331,38,0.7305475645649887,0.006866641823720288,Arsenal,2019
0.16800662297800062,-0.09610350804832324,0.2502811798777595,0.4317675453714431,4.12571342887303,0.058294103289771124,38,0.8959173324612015,0.14997394123054564,Arsenal,2020
0.45382300034879813,0.04557166147051393,0.2634221728349915,0.27649932696327884,1.5273513683246729,0.2627306820388716,38,0.3607352142742263,0.001180486934858678,Arsenal,2021
0.2639644232706064,-0.3100661365028612,0.21522689897112532,0.2962162310819218,2.625911370826503,0.14036687621032884,38,0.14440259240302855,0.022333550238385354,Arsenal,2022
0.14888853812709807,-0.1650901334666226,0.3836809901190055,0.7031122288121899,4.655477105754394,0.07463056189284889,38,0.0005189145406505814,0.10184391758651666,Arsenal,2023
0.32451675964529075,0.14711820269355572,0.2598906406245333,0.3225945874195952,2.1359364654003747,0.16008616060499614,38,0.25704771303319096,0.014139602199212654,Arsenal,2024
0.34726608068871617,-0.008404198115527005,0.2054997367524386,0.24658411128125596,1.9960117590098627,0.16485130424811767,36,0.3408399762030062,0.01551722885023675,Aston Villa,2015
0.2737848120429189,0.14762110833325703,0.1550763020901555,0.20956838295555522,2.531722542926474,0.17296294183758668,38,0.5963261103888879,0.010465227261433443,Aston Villa,2019
0.14934025465697398,0.029053825392923827,0.2781063221297506,0.508870670130731,4.641395464016481,0.06955008174837622,38,0.3522391399888366,0.11475534310522198,Aston Villa,2020
0.21622374068553302,-0.22671035061746292,0.21508671088509512,0.327074655275081,3.2056941497836275,0.10651912294867287,38,0.021481118063202867,0.04867045674350233,Aston Villa,2021
0.1653533155335338,0.018279816892885017,0.25771234298593,0.4481400597962803,4.1919158277741,0.06990655454028989,38,0.5214516348541696,0.11379543969839026,Aston Villa,2022
0.32477094548185154,-0.27010685487173547,0.2841735200034479,0.3525981458225024,2.134264749365269,0.1886634766740249,38,0.18333704795068728,0.007227373922157824,Aston Villa,2023
0.25305991701147496,0.25097150069247737,0.26339395814952515,0.37023641347009606,2.7390634943127505,0.13001980846754796,38,0.4448068407085357,0.028350287425683827,Aston Villa,2024
0.2689604711157816,-0.19992662306975686,0.22086602742213893,0.3011408650604798,2.5771340215327054,0.1384736846409133,36,0.01925571319615754,0.02771655010375462,Bournemouth,2015
0.3141474974093237,-0.12877282039813406,0.23977288188734652,0.3024950436597163,2.206438651512788,0.1560183390948614,38,0.0025855160013615523,0.015542942229044197,Bournemouth,2016
0.21747157293446773,-0.11018349070960338,0.23570115431598826,0.35739252412555844,3.1873001662098446,0.09600171546820382,38,0.46046900245509853,0.0620097583443409,Bournemouth,2017
0.7040619430460029,0.05964808796179398,0.1709275096805013,0.14404279256975883,0.9844974400422258,0.37159456877750885,38,0.14665759397168038,6.207386236241779e-05,Bournemouth,2018
0.2879869829511067,0.09261433688775336,0.2289651310828903,0.3016948676677902,2.4068698295215136,0.1498016830958929,38,0.004224695524652826,0.017954954801631992,Bournemouth,2019
0.22446339834814838,0.11289113236604292,0.22151477381079232,0.3306091978217887,3.088018740074747,0.13627574728127617,38,0.4611451838390658,0.02454459453706072,Bournemouth,2022
0.2101614031424352,0.256899741822612,0.21956789571100602,0.3386704947544788,3.2981659343517533,0.10422310629321176,38,0.27874708346186394,0.05131054470458944,Bournemouth,2023
0.2982864759107872,0.37163531764029817,0.30283979021548324,0.3920858390864003,2.323763350126724,0.14693546215783074,38,0.14239049231498846,0.01918723855125574,Bournemouth,2024
0.380018816813605,0.1480456279712055,0.21859723738888187,0.2507420201521214,1.8239812080145659,0.18953549997797822,36,0.009044389095588955,0.008951653059233046,Brentford,2021
0.27910810882750164,0.042425821257108295,0.2925498692904441,0.39156032791432405,2.483436197793644,0.14117789448950332,38,0.06903148886255976,0.0219191631205694,Brentford,2022
0.2887635362349015,0.20614287593686387,0.22061635004402594,0.29030299845560137,2.400397188639803,0.14200148815963884,38,0.13983068781689495,0.02150610398882261,Brentford,2023
0.31030605522319843,0.0038004015886215956,0.26323314546715815,0.33414152496867444,2.233753318353311,0.15497268308376483,38,0.10752753397034648,0.015925163533821278,Brentford,2024
0.21078150785061622,0.03515301071157299,0.2285377449863439,0.35198705074469266,3.288462956869956,0.11235046514529955,36,0.49338348706817653,0.04902947639368747,Brighton,2017
0.37241221879626174,0.045202987406606485,0.19956158753606182,0.231233094637199,1.8612364084089044,0.1853374894451748,38,0.8227458101311664,0.007819528147326588,Brighton,2018
0.4166807742913962,0.26657747989743064,0.21037358929240751,0.2304488194480231,1.663496910167515,0.23236035168009128,38,0.01701930386078535,0.0025188229264557975,Brighton,2019
0.2192370711207328,0.35250970106048596,0.31611442959491687,0.4773889110289691,3.161633098894267,0.09603736196544208,38,0.4919707398871296,0.0619587896282456,Brighton,2020
0.20084752599558442,0.2377811157471352,0.226756838247229,0.35777678053480994,3.451111369801906,0.11483062740485905,38,0.00895602668370673,0.04020428534651275,Brighton,2021
0.2182192102541358,0.1500429902284918,0.35262207683762903,0.5337624416674231,3.1763802084734585,0.11233234811105364,38,0.046446750132682055,0.04258075318832894,Brighton,2022
0.11505480433790806,0.35873828040349254,0.29980733200453424,0.6249925963007306,6.024495757032619,0.03645291628279647,38,0.8359983261424228,0.2576551740711798,Brighton,2023
0.24742438325070396,-0.06279608701273712,0.23705556885648388,0.33698759650701926,2.8014505743260174,0.09694101837292955,38,0.19953891403604812,0.06068083525687605,Brighton,2024
0.4579404018405171,-0.09802450639997536,0.19627344348919754,0.20508885652240283,1.5136187542616988,0.22973215672396588,36,0.7197013954263962,0.0035771481852794,Burnley,2016
0.3071175290159341,-0.03363470407192474,0.22528645427394547,0.2874536182166286,2.2569443782024665,0.15737042392465414,38,0.32055582561056284,0.015062004254926858,Burnley,2017
0.2457515670581964,-0.06926962865033226,0.2651081660121267,0.3781463907359928,2.820519880533666,0.14712943300541811,38,0.12623570522875466,0.019101285944352998,Burnley,2018
0.5182252820539762,0.20238435431749077,0.21154484808436255,0.20779168123767136,1.3375402639806946,0.2953453768319096,38,0.002613868938679028,0.0005088361027962323,Burnley,2019
0.35239999579748793,0.14375026684718187,0.22508684701156714,0.2681125681120209,1.96693299893872,0.15568271452308385,38,0.5703895059640245,0.015664634334542092,Burnley,2020
0.2332276816385674,0.1516323909800821,0.22223459898376788,0.32539181794591016,2.971976463900689,0.12803629349014953,38,0.37637909989203044,0.02967475782845847,Burnley,2021
0.7631794132972491,0.06902251618147766,0.1885932279101914,0.15265033882817497,0.908236213507469,0.4043123716435168,38,0.1581612535498665,2.3461901918829492e-05,Burnley,2023
0.5397021462347095,0.14753545606944485,0.1792378417391912,0.17251927937359451,1.284314293348214,0.4200520136150254,36,3.66462913623558e-05,2.557922245734346e-05,Cardiff,2018
0.1409308595962457,-0.10079892518435957,0.25625468643699084,0.4826738475612862,4.918349200066968,0.07262224405375804,36,0.32760070034948807,0.11746191672344325,Chelsea,2015
0.23502828660644007,-0.6081397243247775,0.2813369345022818,0.4103473998770085,2.9492074786752593,0.11439630514298506,38,0.22813374863137936,0.04060768134831983,Chelsea,2016
0.28787402603081574,-0.07459625308270744,0.3430281073604988,0.45207809943295757,2.40781424471323,0.14614962872403767,38,0.08097345419195118,0.019539364302789713,Chelsea,2017
0.4005673147173243,0.029081921757661614,0.2618668972879601,0.29256869205236796,1.7304137284618222,0.1972672790196474,38,0.3045613421619894,0.00589013637585133,Chelsea,2018
0.24456609308754398,0.19907849384861429,0.27124010845793617,0.38782945382923817,2.8341916567797845,0.12422469805789679,38,0.19619270630220814,0.03239462425649865,Chelsea,2019
0.11789652501065838,0.3450083535164501,0.25879987165534113,0.532964836599732,5.879284232485068,0.05500574799897837,38,0.5691073894570338,0.16234726910457944,Chelsea,2020
0.2366711668580286,-0.1361231500782418,0.29590154381306577,0.4300902102274672,2.9287352141874634,0.12269337660076918,38,0.036054647465440494,0.03355583644179099,Chelsea,2021
0.14291018272468536,0.34491397224810494,0.2630645418061689,0.4920573562012662,4.850229475217203,0.07194218673567042,38,0.6511668093871019,0.10847388204165394,Chelsea,2022
0.2010360043379932,0.05369374912670366,0.3160448579277451,0.49842154713446757,3.44787583120975,0.09622364151280323,38,0.31790377642890066,0.06169313223623621,Chelsea,2023
0.33420267566710976,0.2339177254144678,0.27546742125467666,0.33693822552270913,2.0740324091551274,0.17562131464284197,38,0.00801791817375389,0.009832055988179286,Chelsea,2024
0.28419306527286065,0.15226649936017148,0.247203687156966,0.32789380250869743,2.439001035772769,0.16613492220734635,36,1.408277682000359e-07,0.015082617690053935,Crystal Palace,2015
0.1896703898067592,-0.1541869471193792,0.2562771865726575,0.41609757181402746,3.6544828176192414,0.10145426468799876,38,0.044989644431313605,0.05468734109240533,Crystal Palace,2016
0.08814780939172583,0.12120506727484942,0.22179072021934462,0.5282294511791001,7.863464620880403,0.02508526807187354,38,0.7714129109426566,0.3491344489200885,Crystal Palace,2017
0.3036917699873793,0.03562740787274998,0.3008179416522768,0.3859865984004908,2.282403571847702,0.14046785504084522,38,0.35465085166822585,0.022281537661002677,Crystal Palace,2018
0.3506954852440786,0.0629870714342636,0.2161042985893396,0.25803779396757937,1.9764930252168076,0.19455994641578403,38,0.22078876112315127,0.006282704806142721,Crystal Palace,2019
0.7905226980613067,-0.15896469480919628,0.20578833465280583,0.16366227457568172,0.8768213515688201,0.4437435695470459,38,0.004728341946705582,6.789875353816074e-06,Crystal Palace,2020
0.46858684719920496,-0.022773771583167356,0.23527440331660035,0.24303265745934358,1.4792288445630988,0.23463307615025858,38,0.0001514843265266598,0.0023818039422525343,Crystal Palace,2021
0.22028399999279236,-0.0725468294939343,0.19849133641712824,0.2990439916044701,3.1466070190418955,0.10519512548894845,38,0.2742330284891191,0.0501756820183403,Crystal Palace,2022
0.08524839393914026,-0.3787632072630099,0.2523060097646902,0.6110397939154638,8.130911897938986,0.019494675434903828,38,0.8088709643250986,0.4098292701628191,Crystal Palace,2023
0.43153738761701066,0.4412711943525214,0.27798243131237266,0.29922173523223833,1.6062274103005723,0.31313974769661235,38,0.025509318798672385,0.00031715339712223503,Crystal Palace,2024
0.27442903392065565,-0.05114722437613956,0.323000654878962,0.4359868360813137,2.5257793268344617,0.15179847619454884,36,0.7858026140267873,0.02069300125205892,Everton,2015
0.13840439203227656,-0.2737375333379823,0.2618805820052961,0.49775240102273327,5.0081299471934395,0.05575533357812172,38,0.3364040078116495,0.15943163991532758,Everton,2016
0.14023289652773605,-0.05178808141259095,0.21616466621676783,0.4081734540423298,4.942828663764003,0.07345304659702666,38,0.007186844850958282,0.1046939197684584,Everton,2017
0.27222068452593584,0.035840860404479924,0.27981520269401544,0.37922394153952077,2.5462693320569683,0.1444956397358304,38,0.2750340341492422,0.020301391376455584,Everton,2018
0.23384072326804398,0.2592292609195157,0.1757339092396825,0.25696886096278587,2.9641850695330487,0.1217630495126538,38,0.1357543536055501,0.0342814366995318,Everton,2019
0.12046986603257148,0.13501044561504716,0.21369111608657992,0.4353436917744755,5.753697612418186,0.04515759485884459,38,0.8742447220672169,0.20668924866055327,Everton,2020
0.32327950368867286,0.04692899096721988,0.1715782379085022,0.21338216645350505,2.1441111256699568,0.16788214627273568,38,0.0001670430430192714,0.011787710844590554,Everton,2021
0.3269145866763486,0.36917481275790937,0.21005391592440525,0.25977576653421014,2.120269969006227,0.17332192063128737,38,0.6193476359280201,0.010377463082358004,Everton,2022
0.17427787340829334,0.497700896013309,0.28463431696260816,0.48211554619492025,3.977252918022814,0.08303912215921651,38,0.05697578401395677,0.08370528142086722,Everton,2023
0.2542676328632428,0.10589993162293117,0.2515212522487841,0.35270705669098235,2.726053539550403,0.12040014563605513,38,0.4318877312027013,0.035372720785383616,Everton,2024
0.28351579520505293,0.2656465345955124,0.1823772768668907,0.2421960742310876,2.444827386278871,0.1678793201233371,36,0.4525975783285209,0.014510979916908091,Fulham,2018
0.4514883899374259,0.36564921466922,0.15506424361246643,0.16318242162985455,1.5352491802857038,0.2276194428626177,38,0.019322309535190114,0.0028294645772505055,Fulham,2020
0.16458436301067997,-0.251891821931319,0.1959535991241632,0.3415418774148188,4.211500824747042,0.08191280324335898,38,0.012306640681279457,0.08592625061430781,Fulham,2022
0.28636731022056616,0.010107704137105213,0.35954400047099283,0.4750893864183083,2.4204829106578845,0.14840997285110885,38,0.0003149753068119006,0.018543268013689326,Fulham,2023
0.21041925119461585,0.08243209960372423,0.25587532751581404,0.3944306709478488,3.294124357085828,0.10197749464185744,38,1.6237243220225817e-05,0.05403244881624688,Fulham,2024
0.3627118606109478,0.13412608449079633,0.16218125441506206,0.19041658793824212,1.9110132748138313,0.17777094453853068,36,0.03952275824352235,0.011647342955799708,Huddersfield,2017
0.2869461232168271,0.19069728663228228,0.14891019518702284,0.1965663865925306,2.4156004367278996,0.15410824846333623,38,0.7129945677853015,0.016248081381720125,Huddersfield,2018
0.3090902539624031,-0.05929456468927363,0.2193960729320684,0.2790430409698587,2.242539749067138,0.14466077230264823,36,0.04085996910392035,0.02420373477144618,Hull,2016
0.37065549997951575,0.12380690184060128,0.19180105090349,0.2227669507149777,1.870057723676708,0.19021921180395576,36,0.5747720132618674,0.008815177520722983,Ipswich,2024
0.324679419171327,0.09572316467660648,0.33723434453261797,0.4184941769702512,2.134866393222741,0.23285114413804203,36,0.03991706993169271,0.0033269981245974147,Leeds,2020
0.24656939577113585,0.3111211594265839,0.24127977135817444,0.34358668821649707,2.8111646962193158,0.16809909228862632,38,0.14189082378172185,0.011728052982600259,Leeds,2021
0.22745941412817416,0.005656986158022425,0.28389024511536415,0.42090444662973375,3.0473444382009816,0.11309155441195956,38,0.12252828262068816,0.04184405538242415,Leeds,2022
0.17941599979374415,0.11658604526054017,0.21747176752136207,0.3630423599296911,3.863352105479914,0.10404574963457305,36,0.1492695372771785,0.05877680215266657,Leicester,2015
0.13735366199372168,-0.22070782729941563,0.22646561374031496,0.43208296996903867,5.046441212405596,0.08207473972286286,38,0.03961863051518176,0.0856032154293782,Leicester,2016
0.2814900285054133,-0.058825343623299116,0.2865849598547924,0.38195032973593923,2.4624217924885228,0.1409486592098411,38,0.14276190832967472,0.022035515882397196,Leicester,2017
0.14973881619925325,0.0412562508789436,0.274766754018501,0.5020904808781086,4.62904140792454,0.07411993416242134,38,0.03146893269220091,0.10306969777946162,Leicester,2018
0.09740491877403062,-0.06192067447114957,0.3290144884504489,0.7454346579836023,7.116141456551854,0.04009993201289518,38,0.6984173969600104,0.23469678043317743,Leicester,2019
0.3395349289656969,-0.23490325536892023,0.23051418840026963,0.27973089507416954,2.041460602216786,0.22097746084015463,38,0.00014329979490794605,0.0033273342201388667,Leicester,2020
0.2473038484036439,-0.33349216263783804,0.20910293505829955,0.2973238129368895,2.8028159894568474,0.10173751307844744,38,0.015753131167931436,0.05433182753054763,Leicester,2021
0.16328717556361952,0.13733241886927006,0.3010708440136172,0.5268386930977109,4.244957867434501,0.10466578975574337,38,0.8625865428065735,0.05079052262891652,Leicester,2022
0.13752561182963036,0.10780912800621742,0.176433703374504,0.33641454115121183,5.04013158958806,0.0596749760302751,38,0.1325675785815561,0.14508740474981618,Leicester,2024
0.17060218073806702,-0.36273573727502273,0.33415311039273327,0.5720555732156689,4.062944433425294,0.09896201099413487,36,0.45842052464831773,0.06568817363768134,Liverpool,2015
0.4439163798408355,-0.2675992972096731,0.24063907520507336,0.25538804699809753,1.561436369634458,0.2214142268899817,38,0.0005935570297108643,0.003292156237106264,Liverpool,2016
0.33112254344494063,-0.17948308005231578,0.34868962844994794,0.42847911394570476,2.0933252485577216,0.15848914666293046,38,0.09991052461608685,0.014675110644970799,Liverpool,2017
0.359111741669836,-0.26098813121916936,0.2625023225367091,0.3097443190382032,1.930171309177683,0.18549652330226776,38,0.3357404229261798,0.007790172575525094,Liverpool,2018
0.2041872018656873,-0.18109520931983208,0.2990906456189373,0.4680298727919906,3.3946651613155066,0.10648421781397782,38,0.17815395983494875,0.04870954986223605,Liverpool,2019
0.20885787076229015,0.12651772989764623,0.3651302780815694,0.5649466360101759,3.318750583974137,0.11971780061309346,38,0.6291351987827858,0.03593201137762403,Liverpool,2020
0.2192748699563589,0.053521887128021736,0.2867543825666551,0.4330127010695365,3.16108809321332,0.11440643203031403,38,0.3406235557904471,0.040598229598205894,Liverpool,2021
0.26580778425681384,0.16879111794538978,0.35733464894734146,0.49009049999877535,2.607700833510021,0.13424058455137813,38,0.0724122638726032,0.025723627174417882,Liverpool,2022
0.32554836003235343,0.21826857546219905,0.37656359653688565,0.46667612109562123,2.129168091926678,0.15291508471091805,38,0.39819801176669745,0.016704361104222833,Liverpool,2023
0.41361587500124075,0.1552749831820566,0.34690860617490205,0.38141825654502187,1.6758234450209775,0.2205395388504061,38,0.35529047576254524,0.0033629687888906087,Liverpool,2024
0.14447835132757555,-0.24161090506929558,0.21928729255830084,0.4079407397818341,4.797585065103447,0.09976141743595851,36,0.018078230869130716,0.06454904467664063,Luton,2023
0.37143312451375493,-0.08832150936150782,0.33254869015609717,0.385833495869878,1.8661426103752807,0.19073369472509866,36,0.05988439375255328,0.008713812761167002,Manchester City,2015
0.24601470889621627,0.04413890321348239,0.2758541603304434,0.3932638290886693,2.8175030008159236,0.11818692281732704,38,0.06671097006782166,0.037219102367615206,Manchester City,2016
0.5266288849636337,-0.3954762982139852,0.2851695984497537,0.2778663064830474,1.3161966621101888,0.2694086118905789,38,0.0794275422853335,0.0009960909900941358,Manchester City,2017
0.25165753061913626,0.009545506714121734,0.3102403293740142,0.43729880402448595,2.754327195592524,0.13225837450998135,38,0.39066546815109404,0.026925751861778913,Manchester City,2018
0.26262357735555075,0.033268271852357076,0.4159175820536204,0.573885729350583,2.639318173712689,0.12879769786339768,38,0.4369321475685204,0.0291592366629799,Manchester City,2019
0.2471226420264593,-0.11045440843907045,0.35270666930972194,0.5016980404498184,2.8048711962448603,0.11358870772243829,38,0.7663255705873437,0.04136857270397604,Manchester City,2020
0.21986553771618217,-0.21521759748506678,0.3378935640226359,0.5095494541893593,3.152595844532526,0.10857646785103367,38,0.005026102630346284,0.04642117720304142,Manchester City,2021
0.17349301618356605,-0.22961786882079663,0.3344027513197176,0.5676934004268618,3.995245432972091,0.08099756551444737,38,0.34148011832867914,0.08777587007550912,Manchester City,2022
0.20164167434171332,-0.17133461675304382,0.30997894443358204,0.48812050253858363,3.43751946527333,0.09773990242804055,38,0.2993602572509426,0.059573365748329644,Manchester City,2023
0.1453228165397336,0.08699075966977099,0.3091032406583986,0.5733524296231652,4.769706485632472,0.07635044953890148,38,0.2813891886034122,0.09782628953220085,Manchester City,2024
0.1914446399345146,-0.13398190415539535,0.23889260452986769,0.38607004107254117,3.6206141932051095,0.08863018411918183,36,0.41689883782043213,0.08239945375510098,Manchester United,2015
0.25870105036034363,0.14390727339727885,0.2630899790240056,0.36575495004922975,2.6793365531158972,0.14829619909829359,38,0.00260511758060101,0.018592191718847587,Manchester United,2016
0.3992677192127818,-0.2385843758101071,0.24640697833277544,0.2757438949110214,1.7360461344748641,0.19603077197890248,38,0.26769925145569085,0.006066392960554478,Manchester United,2017
0.15076360752104903,0.16259221869638496,0.27854062528711704,0.5072537752194761,4.597576245070752,0.06303180791240846,38,0.9517633739424642,0.1339111610587937,Manchester United,2018
0.184503505132292,-0.0031071248091338317,0.28888171718283046,0.47555718602280966,3.756823915420726,0.09109164954944297,38,0.3449179479789042,0.06945490765683039,Manchester United,2019
0.29366368153626937,-0.2833524733634895,0.2933095429545855,0.38272433384887594,2.360343563541197,0.14568927455369596,38,0.267792884856374,0.019748587864712182,Manchester United,2020
0.4850741817518228,0.037549293169077055,0.31910468143476806,0.32397693904728825,1.4289508834642086,0.2757346809036226,38,0.1610711209874751,0.0008470889590877677,Manchester United,2021
0.08899036362442825,0.5713926767328971,0.20353127247354355,0.4824415002301931,7.789013914869242,0.03562709264782583,38,0.7000491706468337,0.263218408512764,Manchester United,2022
0.1875664781094889,0.055082201982499406,0.29603941708798437,0.4833446664321513,3.6954747327255983,0.10750577035276046,38,0.5874731448553083,0.04757839730936103,Manchester United,2023
0.2707586960666253,0.31958388093409734,0.320188130054697,0.4351099582690136,2.560018166099394,0.1375425544277775,38,0.15258209764372432,0.02383781444469762,Manchester United,2024
0.29557702924026513,0.08934960466238266,0.17734880039171502,0.23066299005923377,2.3450644400262513,0.14822795535395267,36,0.14275345385601995,0.02238165426369893,Middlesbrough,2016
0.17497605606288383,-0.2416698030153481,0.2678288547271651,0.4527443660904937,3.9613830380931567,0.07060879786963362,36,0.49193313420866114,0.12287123880598333,Newcastle United,2015
0.40305843044778306,0.15324853484283377,0.27199517785047905,0.3029438930129425,1.719718850167417,0.22692119324934434,38,0.015120229500086771,0.00287822211850701,Newcastle United,2017
0.12911807465559683,-0.22294963777831675,0.20774244703499645,0.40880549463672616,5.368320294496428,0.022734346851599002,38,0.7872017126756492,0.3730458775807035,Newcastle United,2018
0.2755801613510725,-0.009212483133086844,0.25715734588027217,0.3463857058645682,2.515228879908077,0.1657814561955416,38,0.38163777762046164,0.012380902896922733,Newcastle United,2019
0.3298842097730567,-0.06350814622760957,0.19178324709922773,0.23611028506378795,2.101183263778508,0.1613706901706705,38,0.2503216919630124,0.013722783676490819,Newcastle United,2020
0.48100319551721477,-0.06046351676398678,0.1615379285851165,0.16469694027328147,1.441044855875886,0.2563895673485777,38,0.00038734365098828553,0.0013855467730315972,Newcastle United,2021
0.1928712707113534,0.2843031690901671,0.36902666640375503,0.5941676209465058,3.5938332235975827,0.08810395117791758,38,0.11473945948197467,0.07442629397681465,Newcastle United,2022
0.19497119507301228,-0.05545191915317769,0.3143842296661081,0.5034548487565017,3.5551260805493725,0.10224435947732834,38,0.1930095840897707,0.05370149095160587,Newcastle United,2023
0.17819334575677395,0.13471018566330653,0.2814919791219874,0.4715256099859193,3.889860070903324,0.06521343995155313,38,0.594054375262055,0.12714573016522346,Newcastle United,2024
0.41652955717333956,0.0079707376376366,0.24295152787583196,0.2661838636009495,1.6641008269948314,0.20574725779544698,36,0.042651808188643864,0.006205688591076819,Norwich,2015
0.24812992138572604,0.2965424791961317,0.26942069562253,0.38245151560032214,2.793484867479668,0.12371924939115972,38,0.5202978940617051,0.03277342182371334,Norwich,2019
0.14388295292266395,0.20366099740268223,0.21209135919803113,0.39536963004502373,4.81743783040446,0.07322356312872129,38,0.6195710292308574,0.1052590245872348,Norwich,2021
0.18641914323634556,-0.055874978910982843,0.2007170186232608,0.32871834812052614,3.7182188938673577,0.07777726205778915,36,0.9814896881828721,0.10472571907332895,Nottingham Forest,2022
0.1993171737303233,0.18575332258501917,0.23606560455936607,0.37389129651953995,3.47760891641869,0.1073667636272147,38,0.018959680012604212,0.04773075008152956,Nottingham Forest,2023
0.164608171529951,-0.17144842128471738,0.22682867337689697,0.3953277125695436,4.210891683672125,0.07891230035929513,38,0.4148922308285611,0.09214587457691621,Nottingham Forest,2024
0.24709987503662043,0.12590766322814795,0.21707197937442127,0.3087823767152867,2.8051296280794165,0.12461317752953484,36,0.49976961642400997,0.037519915389149804,Sheffield United,2019
0.32507676849385614,0.3598058913156129,0.2194707602865886,0.2721878300747357,2.1322568935683437,0.16278098263195992,38,0.022930197757179558,0.013278982187584096,Sheffield United,2020
0.30787550035657385,0.13847391345842378,0.1909256527267584,0.24331098722198602,2.2513879141313917,0.14236300536459934,38,0.028070896131422742,0.02132722146387132,Sheffield United,2023
0.15715769720168882,-0.17421993995770937,0.2515830045649788,0.4487438124642351,4.410520088433166,0.06636248171880388,36,0.6111420767310576,0.13516667888917577,Southampton,2015
0.16049696964650292,0.3677582575418091,0.2747451722969825,0.48493290455344007,4.318755563339375,0.08993253865457593,38,0.15716831985120505,0.07134193425073818,Southampton,2016
0.3025494164850024,0.08145984922283682,0.2147907064940344,0.2761228382556724,2.2910213763188834,0.22615719896369038,38,0.35148183040572123,0.0029324969671547835,Southampton,2017
0.11949476605734541,0.12852973041141946,0.20409518745883728,0.41748735380920793,5.800648877184334,0.05942059405154086,38,0.5399426130776576,0.14597446471218842,Southampton,2018
0.25902525669070575,0.14158441977274247,0.17346456162052715,0.24100425414354126,2.6759829887461954,0.13776774723085625,38,0.15191672784978472,0.023714294461378387,Southampton,2019
0.08373337554218792,-0.07232980236296951,0.24510517976273408,0.5989467211178043,8.278027442124467,0.04046344283963548,38,0.44952450369900177,0.23254310071869627,Southampton,2020
0.09395430626705377,0.08429164036696221,0.2478294237775143,0.5717149174705207,7.37749240135687,0.04398119199431078,38,0.005385168550402761,0.21284374135554704,Southampton,2021
0.2812381308689303,0.12206846363283629,0.20717135615117555,0.27623430366067464,2.4646273192698156,0.1163732814007069,38,0.00964731619663474,0.03880360166881613,Southampton,2022
0.2359997697586223,0.30313681375796314,0.2361525760985044,0.3437335315169428,2.9370671898065317,0.12398520191361903,38,0.5463290894916808,0.032573563716468794,Southampton,2024
0.20296620531831358,0.0294298299752513,0.24453407019919893,0.3838066654369846,3.4150866617074347,0.10313106947068496,36,0.30983145327528183,0.05996356681881543,Stoke,2015
0.11807059386081674,0.3411350249228345,0.22259417788681965,0.45806586478281736,5.870616534520329,0.052425256061583825,38,0.8706154003927734,0.1728416887428502,Stoke,2016
0.3260683730230339,0.030741700560206617,0.18118169636776327,0.2243597696647533,2.1257725002080483,0.1789154085882608,38,0.06396863193751672,0.009099021962452263,Stoke,2017
0.288475756380452,-0.14288772797054758,0.2681107696939544,0.3529755318101588,2.4027917952515856,0.14355781735201983,36,0.30934806862747555,0.024796091502327908,Sunderland,2015
0.20518751696413695,0.22106594292146126,0.2359996781390603,0.3684011225415778,3.37811573927811,0.11844740162056452,38,0.21785123982263843,0.03699690138536313,Sunderland,2016
0.2526764867163961,-0.08132566770630144,0.1937988886838256,0.2726175871157901,2.7432199551592356,0.12934546528950888,36,0.9397490618720944,0.033837292054295504,Swansea,2015
0.1416606364176305,-0.19058277005523708,0.2256288128020506,0.42389175191850587,4.893011905696049,0.06788030408511837,38,0.03341954332287154,0.11936716063711479,Swansea,2016
0.1537551859969494,0.0982385308188398,0.19083672403336902,0.3441375546391012,4.508122285863566,0.058213735590409425,38,0.6606543522418271,0.1502637887010728,Swansea,2017
0.1893798584340693,-0.23216773553793676,0.2766652493791323,0.4495445337964187,3.6600892317239615,0.10399143636358671,36,0.000700680899674698,0.058846603272252176,Tottenham,2015
0.1893340621029879,-0.4416768631725692,0.2804863354769411,0.455808410366041,3.6609745381309637,0.09538117050826007,38,0.702415656319357,0.06290390293127907,Tottenham,2016
0.24324375955196706,-0.10759085656842007,0.3054419721099092,0.43791806761998076,2.849599027069223,0.14590533055354896,38,0.001581466960163374,0.019650121043846,Tottenham,2017
0.12937215739500993,-0.043539947569540084,0.3080868601381892,0.6056723782258707,5.357777086792873,0.058323929954104535,38,0.10159027283743405,0.14986652546027815,Tottenham,2018
0.208902020521211,-0.3489913064832964,0.26998353439610095,0.4176870017015569,3.3180491927772717,0.09904860554297241,38,0.003130205817602557,0.05780329078770262,Tottenham,2019
0.40936972578658476,-0.3113662675185114,0.2698032603800641,0.29817713300674653,1.6932057670559186,0.2100813267623266,38,0.03040169903425497,0.004331980744107175,Tottenham,2020
0.12710368632419086,-0.04914316665253607,0.2550094630033056,0.5057806680388681,5.453399508744404,0.06388213915127908,38,0.35810366266080773,0.1312294723354806,Tottenham,2021
0.6361819098646031,-0.2905531923651513,0.2660880041977089,0.235895491425467,1.089542424599068,0.3142174339997488,38,8.879345038952367e-05,0.00030810003213379357,Tottenham,2022
0.31922686984216386,-0.021192738740657836,0.2759739960184949,0.3453849778736563,2.1713309437349673,0.131257348182441,38,0.9465870111134522,0.02755378617725036,Tottenham,2023
0.3351753440623864,0.01679233787408668,0.27550303736454157,0.3364924788291371,2.068013631787096,0.17576695603989584,38,0.06866581116982193,0.009798466202121874,Tottenham,2024
0.15258649186092704,0.0553748906846723,0.19963690594911573,0.3613830579198469,4.5426510047278965,0.07294703335755046,36,0.47723069113506533,0.1166132052581262,Watford,2015
0.25029514225511623,-0.04930899014193427,0.24900392685181816,0.351937048727127,2.76931934960786,0.12247000173553797,38,0.2846117549132996,0.03372864881499292,Watford,2016
0.20020419011359558,0.08976653245548948,0.19939841352233495,0.315115756508332,3.462201166552281,0.06432309947179728,38,0.5080723627229208,0.12986151519051833,Watford,2017
0.22900439718324409,-0.04431752931551737,0.2962236246305014,0.4377062855026008,3.0267854638848037,0.12172762831599657,38,0.2053428865163507,0.034309369669956194,Watford,2018
0.22935867276150154,0.2937979791456276,0.22516190424800916,0.3324469337633141,3.022110183209483,0.11981140591518874,38,0.4025547262632254,0.035854768334431394,Watford,2019
0.23737410798701217,0.16331169509630736,0.1961411768098569,0.28466698783672395,2.920062286649522,0.11918374736730357,38,0.09022776517158926,0.03637589622387168,Watford,2021
0.16936614678265965,0.18236482893693845,0.21957766852275207,0.37727659866369334,4.092595797490932,0.06853159447966466,36,0.96019571133959,0.12872981270723363,West Bromwich Albion,2015
0.1749528268230149,-0.15930568869804768,0.2850127176563609,0.48182436686678165,3.9619090079701547,0.09538253540871403,38,0.3222297789863834,0.06290192191572745,West Bromwich Albion,2016
0.3280163685512466,0.11447397388589504,0.18505899475993454,0.22847960684756602,2.113148144470277,0.16225251157141507,38,0.2038614531041955,0.013443617624318555,West Bromwich Albion,2017
0.282688443144448,0.010975573866050739,0.2840127413134925,0.37771897183234715,2.4519827299970705,0.13890523674757468,38,0.09418532702831195,0.023099958816176148,West Bromwich Albion,2020
0.1449613821100962,-0.05583657680729189,0.2320877840628828,0.43103359795383595,4.781598867714364,0.08045252614438157,36,0.06563523969487806,0.09869489279710007,West Ham,2015
0.27355437157243595,0.0837924227152828,0.25385033710014654,0.3431949722611384,2.5338552499659217,0.11751600336769358,38,0.6163272194752116,0.0377975819808519,West Ham,2016
0.21122163772485658,-0.3768179326073277,0.20531792716162908,0.3158949407219604,3.2816106722118064,0.14496935591997537,38,0.1318263276236672,0.020080203042768488,West Ham,2017
0.5063498629733764,-0.09863876090979704,0.22183007248239456,0.22043475802573764,1.3689095845502197,0.252618645089697,38,0.44548649893580766,0.0015232464953415271,West Ham,2018
0.4138345972316881,0.003342350248155822,0.20687941957491413,0.2273991795655058,1.6749377292200684,0.21268053405944473,38,0.003077465670673589,0.004068635866800202,West Ham,2019
0.23112931657467276,-0.0033467885048180843,0.2490286439467287,0.3662745878142728,2.9989582924068605,0.10745768871105926,38,0.4914522207100973,0.047631039844389454,West Ham,2020
0.2763032805011351,-0.13808846384229218,0.2279140499847109,0.3065935965696587,2.5086462212926843,0.12852311603709488,38,0.0008716754467871032,0.029344114715538022,West Ham,2021
0.359645183191024,0.2591545467335031,0.22465721483806486,0.2648916378349341,1.9273083943731928,0.22371049932959786,38,0.9335086608891535,0.0031130244572769566,West Ham,2022
0.37941700857823873,-0.17066894506802752,0.23590520341441423,0.27080964300967214,1.8268742963245754,0.19749722755959412,38,0.001153367907851827,0.005857909810649926,West Ham,2023
0.5499437144918814,0.14027195597814474,0.2077039098141704,0.19804804175682572,1.2603965865859132,0.21124498794338709,38,0.029524179185293636,0.004212109024414194,West Ham,2024
0.18254592708855033,0.21267073096375527,0.23860609296229776,0.3948939297385322,3.797111179718131,0.08240708604273525,36,0.11503469718385267,0.09451835242346215,Wolverhampton Wanderers,2018
0.2074611405832941,0.09128323001503309,0.17609439072665456,0.27337710732429127,3.341094041086947,0.10436852369420245,38,0.28272960325326846,0.051139132588971695,Wolverhampton Wanderers,2019
0.35280144989644086,0.0726501988388989,0.18208645591814493,0.21676914495288108,1.9646948184691628,0.1798551742459865,38,0.0626204199387299,0.008899828448079655,Wolverhampton Wanderers,2020
0.15100521932918942,-0.02322828153139381,0.250868538571362,0.45649415671645743,4.5902200178186785,0.07738790218495568,38,0.10128317139772552,0.0954831880878621,Wolverhampton Wanderers,2021
0.15295207149777532,0.15591328931729345,0.1768643807132728,0.3197773493585872,4.531793350507365,0.07758508004812636,38,0.42300434002121784,0.09504451787490333,Wolverhampton Wanderers,2022
0.23569672890541077,-0.028713785964426832,0.22744272571302485,0.3312686027543696,2.940843446487191,0.13005994738287574,38,0.0012125899164856496,0.0283240990248931,Wolverhampton Wanderers,2023
0.11396940740742814,-0.22537795589310472,0.22697693083624107,0.4754146673513734,6.081870532870457,0.05655892089277143,38,0.10149309698325998,0.1563694799809745,Wolverhampton Wanderers,2024
